id,title,key
1,今天确定要被退学了,b'\xe5\x8f\xaa\xe8\x83\xbd \xe5\xaf\xbc\xe5\xb8\x88 \xe7\x9c\x9f\xe7\x9a\x84 \xe9\xab\x98\xe6\xa0\xa1 \xe4\xb8\x80\xe7\x9b\xb4 \xe5\xbf\x83\xe6\x83\x85 \xe4\xb8\xa2\xe8\x84\xb8 \xe9\x9a\xbe\xe5\x8f\x97 \xe9\x80\x80\xe5\xad\xa6 \xe5\xaf\xb9\xe4\xb8\x8d\xe8\xb5\xb7'
2,有uu喜欢写诗吗,b'\xe5\x96\x9c\xe6\xac\xa2 \xe5\x86\x99\xe8\xaf\x97'
3,如何犒赏自己,b'\xe5\xb0\x9d\xe8\xaf\x95 \xe7\x8a\x92\xe8\xb5\x8f \xe7\x90\x86\xe6\x99\xba \xe7\x94\xa8\xe6\x9d\xa5 \xe6\x97\xa0\xe7\x94\xa8 \xe5\x96\x9c\xe6\xac\xa2 \xe6\x9c\xba\xe4\xbc\x9a \xe5\xa2\x9e\xe5\x8a\xa0 \xe4\xba\x8b\xe6\x83\x85 \xe6\x9a\x82\xe6\x97\xb6'
4,20届985农业类硕士找不到工作的窒息感,b'\xe7\x9c\x9f\xe7\x9a\x84 \xe5\xba\x94\xe5\xb1\x8a\xe7\x94\x9f \xe5\x86\x9c\xe4\xb8\x9a \xe5\x8b\x87\xe6\xb0\x94 \xe5\x87\xba\xe8\xb7\xaf \xe9\x99\x90\xe5\x88\xb6 \xe8\xba\xab\xe4\xbb\xbd \xe4\xb8\x8d\xe5\x88\xb0 \xe6\xa0\xb9\xe6\x9c\xac \xe5\xaf\xb9\xe5\x8f\xa3'
5,有姐妹六月去重庆玩吗！,b'\xe6\x80\xa7\xe6\xa0\xbc \xe7\x8e\xa9\xe5\x84\xbf \xe6\x9c\x89\xe6\xb2\xa1\xe6\x9c\x89 \xe4\xbc\x9a\xe8\xae\xae \xe9\xa1\xba\xe5\xb8\xa6 \xe5\xa7\x90\xe5\xa6\xb9 \xe6\x97\xb6\xe9\x97\xb4 \xe5\xbc\x80\xe4\xbc\x9a \xe8\xa7\x89\xe5\xbe\x97 \xe7\x94\x9c\xe5\xa6\xb9'
6,为什么定稿还要查重啊！,b'\xe5\x9f\xba\xe7\xa1\x80 \xe6\x98\xaf\xe4\xb8\x8d\xe6\x98\xaf \xe7\xbd\x91\xe7\xab\x99 \xe4\xba\xba\xe4\xbb\xac \xe5\x85\x8d\xe8\xb4\xb9 \xe6\x9f\xa5\xe9\x87\x8d \xe5\xae\x9a\xe7\xa8\xbf \xe5\x8e\x9f\xe7\xa8\xbf \xe4\xb8\x8a\xe6\x94\xb9'
7,five大四退学之后重新高考,b'\xe5\xad\xa6\xe4\xb9\xa0 \xe4\xb8\x80\xe7\x9b\xb4 \xe5\xad\xa6\xe6\xa0\xa1 \xe8\xa7\x89\xe5\xbe\x97 \xe5\x90\x8c\xe5\xad\xa6 \xe5\xbf\x83\xe7\x90\x86 \xe5\xba\x94\xe8\xaf\xa5 \xe8\x80\x83\xe8\xaf\x95 \xe5\xad\xa6\xe6\x9c\x9f \xe8\x90\xbd\xe5\xb7\xae'
8,有没有走了异地人才引进事业编的朋友,b'\xe5\x9c\xb0\xe6\x96\xb9 \xe4\xba\xba\xe6\x89\x8d \xe5\xbe\x88\xe8\xbf\x9c \xe5\xbc\x95\xe8\xbf\x9b \xe8\x80\x83\xe7\xbc\x96 \xe5\xae\x9e\xe5\x9c\xa8 \xe6\x89\xbf\xe8\xaf\xba \xe6\x84\x9f\xe8\xa7\x89 \xe6\x88\xbf\xe4\xbb\xb7 \xe4\xb8\x8d\xe6\x83\xb3'
9,求助！三方毁约学校不发新三方怎么办？,b'\xe5\xad\xa6\xe6\xa0\xa1 \xe5\xad\xa6\xe9\x99\xa2 \xe5\xb0\xb1\xe4\xb8\x9a \xe5\xae\xa1\xe6\x89\xb9 \xe9\x80\x9a\xe7\x9f\xa5 \xe9\x99\xa2\xe6\xa0\xa1 \xe7\x84\xa6\xe8\x99\x91 \xe6\x9b\xb4\xe5\xa5\xbd \xe6\xb5\x81\xe7\xa8\x8b \xe8\xbe\x85\xe5\xaf\xbc\xe5\x91\x98'
10,你会真的选择不婚不育吗？还是口嗨而已,b'\xe6\x8a\x95\xe7\xa5\xa8 \xe4\xb8\x8d\xe8\x82\xb2 \xe4\xb8\x8d\xe5\xa9\x9a \xe8\xb7\x9d\xe7\xa6\xbb \xe4\xbc\x9a\xe7\xbb\x93 \xe5\xbc\x95\xe8\xbf\x9b \xe8\xae\xa1\xe5\x88\x92 \xe5\xb0\x8f\xe7\xbb\x84 \xe6\x9c\x89\xe6\xb2\xa1\xe6\x9c\x89 \xe6\x83\xb3\xe6\xb3\x95'
11,five纪录片导演寻广州five拍摄对象，来讲讲故事不,b'\xe5\xaf\xbc\xe6\xbc\x94 \xe6\x8b\x8d\xe6\x91\x84 \xe7\xba\xaa\xe5\xbd\x95\xe7\x89\x87 \xe5\xaf\xb9\xe8\xb1\xa1 \xe5\xa4\x96\xe5\x9c\xb0 \xe6\x95\x85\xe4\xba\x8b \xe6\x9c\x9f\xe5\xbe\x85 \xe7\x95\x99\xe8\xa8\x80 \xe6\xac\xa2\xe8\xbf\x8e \xe7\x8e\xb0\xe7\x8a\xb6'
12,今年毕业，有人推荐去教培吗？,b'\xe6\x95\x99\xe5\x9f\xb9 \xe6\x8e\xa8\xe8\x8d\x90 \xe6\x9c\xba\xe6\x9e\x84 \xe6\xb2\x9f\xe9\x80\x9a \xe7\xaa\x92\xe6\x81\xaf \xe6\x84\x9f\xe8\xa7\x89 \xe7\xa4\xbe\xe6\x81\x90 \xe5\x86\x85\xe5\x90\x91 \xe5\xb8\xa6\xe7\x8f\xad \xe8\xbe\x85\xe5\xaf\xbc\xe5\x91\x98'
13,还有两周开题答辩 本five连个题都还没选出来,b'\xe6\x97\xa0\xe8\x83\xbd\xe4\xb8\xba\xe5\x8a\x9b \xe7\xad\x94\xe8\xbe\xa9 \xe9\x80\x89\xe5\x87\xba \xe5\xb7\xb2\xe7\xbb\x8f \xe5\xbc\x80\xe9\xa2\x98 \xe4\xb8\xaa\xe9\xa2\x98 \xe5\xb4\xa9\xe6\xba\x83'
14,走辅导员保研还是考研,b'\xe8\x80\x83\xe7\xa0\x94 \xe5\xae\xb3\xe6\x80\x95 \xe5\xb7\xa5\xe4\xbd\x9c \xe5\x9d\x9a\xe5\xae\x9a \xe5\xaf\xb9\xe8\xb1\xa1 \xe6\x94\xbf\xe7\xad\x96 \xe7\xa1\xae\xe5\xae\x9a \xe8\xbe\x85\xe5\xaf\xbc\xe5\x91\x98 \xe7\x84\xa6\xe8\x99\x91 \xe4\xbf\x9d\xe7\xa0\x94'
15,答辩问到创新点该怎么回答,b'\xe7\xad\x94\xe8\xbe\xa9 \xe7\xae\x97\xe6\xb3\x95 \xe5\x88\x9b\xe6\x96\xb0 \xe5\x9b\x9e\xe7\xad\x94 \xe6\x8e\xa8\xe5\xaf\xbc \xe5\x85\xac\xe5\xbc\x8f \xe6\x80\x9d\xe8\xb7\xaf \xe7\x82\xb9\xe8\xaf\xa5 \xe6\xaf\x95\xe8\xae\xbe \xe5\xb7\xa5\xe4\xbd\x9c'
16,讨论&咨询贴:有没有一毕业进到组织部的同学啊，怎么适应的。,b'\xe7\xa8\xb3\xe5\xae\x9a \xe5\x8a\xa0\xe7\x8f\xad \xe8\x80\x83\xe4\xb8\x8a \xe9\x99\x90\xe5\x88\xb6 \xe6\x9d\xa1\xe4\xbb\xb6 \xe5\x90\x8c\xe5\xad\xa6 \xe5\x92\xa8\xe8\xaf\xa2 \xe7\xbb\x84\xe7\xbb\x87\xe9\x83\xa8 \xe6\x9c\x89\xe6\xb2\xa1\xe6\x9c\x89 \xe6\xaf\x95\xe4\xb8\x9a'
17,又一项关于本组的研究,b'\xe7\xa0\x94\xe7\xa9\xb6 \xe5\xb0\xb1\xe8\xaf\xbb \xe4\xbd\x93\xe9\xaa\x8c \xe7\xbd\x91\xe7\xbb\x9c \xe8\xb4\xb5\xe5\xad\x90 \xe4\xbd\x9c\xe8\x80\x85 \xe5\xb9\xb3\xe7\xad\x89 \xe9\xa2\x98\xe5\xae\xb6 \xe6\xb0\x91\xe6\x97\x8f\xe5\xbf\x97'
18,新传专业 只有本科 毕业做小学老师难吗？,b'\xe5\xb0\x8f\xe5\xad\xa6\xe8\x80\x81\xe5\xb8\x88 \xe8\x80\x83\xe7\xa0\x94 \xe5\xba\x94\xe8\x81\x98 \xe5\xb0\x8f\xe5\xad\xa6 \xe7\xbb\x93\xe6\x9d\x9f \xe5\x88\x9a\xe5\x88\x9a \xe8\x80\x81\xe5\xb8\x88 \xe5\x9d\x9a\xe5\xae\x9a \xe6\x96\xb0\xe4\xbc\xa0 \xe4\xb8\x93\xe4\xb8\x9a'
19,高校真的是卷王之王，劳务派遣都可以这么卷,b'\xe8\xa1\x8c\xe6\x94\xbf \xe5\x8a\xb3\xe5\x8a\xa1 \xe9\x9d\xa2\xe8\xaf\x95 \xe6\xa5\xbc\xe4\xb8\xbb \xe6\xb4\xbe\xe9\x81\xa3 \xe8\x80\x83\xe8\xaf\x81 \xe6\x96\xb9\xe4\xbe\xbf \xe6\x89\x93\xe6\x9d\x82 \xe8\x80\x81\xe5\xb8\x88 \xe6\x83\xb3\xe7\x9d\x80'
20,读研前的我肯定不会想到，现在在做这样的工作，时不时怅然,b'\xe5\x85\xac\xe5\x8f\xb8 \xe5\xb7\xa5\xe4\xbd\x9c \xe5\x88\x9d\xe6\x81\x8b \xe8\xa7\x89\xe5\xbe\x97 \xe5\x9b\x9e\xe5\x8e\xbb \xe9\xa2\x86\xe5\xaf\xbc \xe8\xaf\xbb\xe7\xa0\x94 \xe9\xbb\x91\xe6\xb0\xb4 \xe5\x8e\x9f\xe5\x85\x88 \xe8\x96\xaa\xe8\xb5\x84'
21,有没有江苏的组员呐,b'\xe7\xbb\x84\xe5\x91\x98 \xe6\xaf\x95\xe4\xb8\x9a \xe9\x80\x89\xe6\x8b\xa9 \xe6\x9c\x89\xe6\xb2\xa1\xe6\x9c\x89'
22,家长在电话里喷了快半个小时躺平,b'\xe5\x8f\x91\xe5\xb1\x95 \xe8\x81\x8c\xe4\xb8\x9a \xe5\xad\xa6\xe4\xb9\xa0 \xe8\xba\xba\xe5\xb9\xb3 \xe7\x94\xb5\xe8\xaf\x9d \xe6\xa0\xb8\xe5\xbf\x83 \xe7\xa6\xbb\xe4\xb8\x8d\xe5\xbc\x80 \xe5\xb7\xa5\xe4\xbd\x9c \xe7\xb2\xbe\xe8\x8b\xb1 \xe7\x8e\xaf\xe5\xa2\x83'
23,有小五跟我一样毕业旅行都找不到同伴的吗？,b'\xe4\xb8\x8d\xe5\x88\xb0 \xe6\xaf\x95\xe4\xb8\x9a \xe6\x97\x85\xe8\xa1\x8c \xe5\xbc\x82\xe5\x9c\xb0 \xe5\xae\xa4\xe5\x8f\x8b \xe9\x97\xba\xe8\x9c\x9c \xe5\x90\x8c\xe4\xbc\xb4 \xe5\xb9\xb3\xe6\xb7\xa1 \xe5\xb0\x8f\xe4\xba\x94'
24,从什么时候开始你意识到自己很废,b'\xe5\xa4\xa7\xe5\xad\xa6 \xe6\x97\xb6\xe9\x97\xb4 \xe8\x83\xbd\xe5\x8a\x9b \xe7\x9c\x9f\xe7\x9a\x84 \xe8\x80\x81\xe5\xb8\x88 \xe7\x9f\xa5\xe8\xaf\x86 \xe8\xa7\x86\xe9\xa2\x91 \xe6\x88\x90\xe7\xbb\xa9 \xe6\xad\xa5\xe4\xbc\x90 \xe8\x87\xaa\xe5\x8d\x91'
25,语言成绩尴尬的英硕应该defer吗？,b'\xe6\x8a\x95\xe7\xa5\xa8 \xe6\xa5\xbc\xe4\xb8\xbb \xe8\xaf\xad\xe8\xa8\x80 \xe6\x88\x90\xe7\xbb\xa9 \xe6\x8a\xa5\xe5\x90\x8d \xe4\xb8\x93\xe4\xb8\x9a \xe5\xb8\x82\xe5\x9c\xba\xe8\x90\xa5\xe9\x94\x80 \xe9\xab\x98\xe8\x80\x83 \xe7\x96\xab\xe8\x8b\x97 \xe8\x8b\xb1\xe8\xaf\xad'
26,你们要振作，振作起来，振作起来,b'\xe7\xa4\xbe\xe4\xbc\x9a \xe6\x8c\xaf\xe4\xbd\x9c\xe8\xb5\xb7\xe6\x9d\xa5 \xe5\xae\xb6\xe5\xba\xad \xe9\x80\x89\xe6\x8b\xa9 \xe6\x88\x90\xe9\x95\xbf \xe4\xb8\xbb\xe6\x84\x8f \xe6\x9c\x8b\xe5\x8f\x8b \xe7\x94\x9f\xe6\xb4\xbb \xe6\x99\xae\xe9\x80\x9a \xe6\x84\x8f\xe5\x91\xb3\xe7\x9d\x80'
27,选调还是考研还是出国,b'\xe9\x80\x89\xe8\xb0\x83 \xe6\x96\xb9\xe5\x90\x91 \xe5\x87\xba\xe5\x9b\xbd \xe5\xae\xb6\xe4\xb9\xa1 \xe5\xb7\xa5\xe4\xbd\x9c \xe5\x9b\x9e\xe6\x9d\xa5 \xe6\x96\xb0\xe9\x97\xbb \xe6\x9c\xab\xe6\xb5\x81 \xe6\xa5\xbc\xe4\xb8\xbb \xe9\x87\x8d\xe4\xbf\xae'
28,今年高考人数1078万，再创新高，这媒体报道，高兴得有点让人无语,b'\xe5\x86\x8d\xe5\x88\x9b\xe6\x96\xb0\xe9\xab\x98 \xe6\x96\xb0\xe9\xab\x98 \xe6\x9c\x89\xe7\x82\xb9 \xe5\xb7\xa8\xe6\xb5\xaa \xe6\x8e\x80\xe6\x9d\xa5 \xe5\xa4\xa7\xe5\x86\x9b \xe4\xb8\x8b\xe6\x84\x8f\xe8\xaf\x86 \xe8\xa7\x89\xe5\xbe\x97 \xe8\x80\x83\xe7\x94\x9f \xe6\x84\x8f\xe5\x91\xb3\xe7\x9d\x80'
29,有朋友在做电商的吗，想讨教一下！,b'\xe7\x94\xb5\xe5\x95\x86 \xe6\x9c\x8b\xe5\x8f\x8b'
30,语言成绩尴尬的英硕应该defer吗？,b'\xe6\x8a\x95\xe7\xa5\xa8 \xe6\xa5\xbc\xe4\xb8\xbb \xe8\xaf\xad\xe8\xa8\x80 \xe6\x88\x90\xe7\xbb\xa9 \xe6\x8a\xa5\xe5\x90\x8d \xe4\xb8\x93\xe4\xb8\x9a \xe5\xb8\x82\xe5\x9c\xba\xe8\x90\xa5\xe9\x94\x80 \xe9\xab\x98\xe8\x80\x83 \xe7\x96\xab\xe8\x8b\x97 \xe8\x8b\xb1\xe8\xaf\xad'
31,你们要振作，振作起来，振作起来,b'\xe7\xa4\xbe\xe4\xbc\x9a \xe6\x8c\xaf\xe4\xbd\x9c\xe8\xb5\xb7\xe6\x9d\xa5 \xe5\xae\xb6\xe5\xba\xad \xe9\x80\x89\xe6\x8b\xa9 \xe6\x88\x90\xe9\x95\xbf \xe4\xb8\xbb\xe6\x84\x8f \xe6\x9c\x8b\xe5\x8f\x8b \xe7\x94\x9f\xe6\xb4\xbb \xe6\x99\xae\xe9\x80\x9a \xe6\x84\x8f\xe5\x91\xb3\xe7\x9d\x80'
32,选调还是考研还是出国,b'\xe9\x80\x89\xe8\xb0\x83 \xe6\x96\xb9\xe5\x90\x91 \xe5\x87\xba\xe5\x9b\xbd \xe5\xae\xb6\xe4\xb9\xa1 \xe5\xb7\xa5\xe4\xbd\x9c \xe5\x9b\x9e\xe6\x9d\xa5 \xe6\x96\xb0\xe9\x97\xbb \xe6\x9c\xab\xe6\xb5\x81 \xe6\xa5\xbc\xe4\xb8\xbb \xe9\x87\x8d\xe4\xbf\xae'
33,今年高考人数1078万，再创新高，这媒体报道，高兴得有点让人无语,b'\xe5\x86\x8d\xe5\x88\x9b\xe6\x96\xb0\xe9\xab\x98 \xe6\x96\xb0\xe9\xab\x98 \xe6\x9c\x89\xe7\x82\xb9 \xe5\xb7\xa8\xe6\xb5\xaa \xe6\x8e\x80\xe6\x9d\xa5 \xe5\xa4\xa7\xe5\x86\x9b \xe4\xb8\x8b\xe6\x84\x8f\xe8\xaf\x86 \xe8\xa7\x89\xe5\xbe\x97 \xe8\x80\x83\xe7\x94\x9f \xe6\x84\x8f\xe5\x91\xb3\xe7\x9d\x80'
34,有朋友在做电商的吗，想讨教一下！,b'\xe7\x94\xb5\xe5\x95\x86 \xe6\x9c\x8b\xe5\x8f\x8b'
35,讨论|社交废物,b'\xe7\x8b\x82\xe5\x82\xb2 \xe5\xba\x9f\xe7\x89\xa9 \xe5\x86\x85\xe5\xbf\x83 \xe4\xba\xba\xe9\xa3\x9f \xe8\xb7\x9d\xe7\xa6\xbb \xe6\x97\xa0\xe6\xb3\x95 \xe5\xad\xa4\xe5\xaf\x82 \xe8\xae\xa8\xe8\xae\xba \xe7\xa4\xbe\xe4\xba\xa4 \xe5\xad\xa6\xe4\xb9\xa0'
36,积极分子不想继续了,b'\xe8\xba\xab\xe4\xbb\xbd \xe7\xbb\xa7\xe7\xbb\xad \xe7\xa7\xaf\xe6\x9e\x81\xe5\x88\x86\xe5\xad\x90 \xe4\xb8\x8d\xe6\x83\xb3 \xe7\xa0\xb4\xe4\xba\x8b \xe8\xa7\x89\xe5\xbe\x97 \xe8\x80\x83\xe5\x85\xac \xe9\x99\x90\xe5\x88\xb6 \xe7\x9c\x9f\xe6\x8c\xba \xe5\x9b\xb0\xe6\x89\xb0'
37,从本科延毕到考公屡败屡战-我的这三年,b'\xe5\xb7\xa5\xe4\xbd\x9c \xe9\x9d\xa2\xe8\xaf\x95 \xe7\x88\xb6\xe6\xaf\x8d \xe4\xb8\x80\xe7\x9b\xb4 \xe8\xa7\x86\xe9\xa2\x91 \xe6\x88\x90\xe7\xbb\xa9 \xe8\xa1\x8c\xe6\xb5\x8b \xe7\x9c\x8b\xe5\x88\xb0 \xe7\xbd\x91\xe7\xbb\x9c \xe6\x84\x9f\xe8\xa7\x89'
38,应统专硕有可能当高中教师吗,b'\xe5\x85\x84\xe5\xbc\x9f\xe5\xa7\x90\xe5\xa6\xb9 \xe9\x99\x90\xe5\x88\xb6 \xe6\x8a\xa5\xe8\x80\x83 \xe4\xb8\x93\xe4\xb8\x9a \xe7\xbb\x8f\xe9\xaa\x8c \xe5\x88\x86\xe4\xba\xab \xe6\x84\x9f\xe8\xa7\x89 \xe5\xa5\xbd\xe4\xb8\xa5 \xe7\xbb\x8f\xe5\x8e\x86'
39,uu们，人生低谷期该怎么办，感觉很无力,b'\xe5\xad\xa6\xe4\xb9\xa0 \xe6\x84\x9f\xe8\xa7\x89 \xe6\xb2\xbb\xe7\x96\x97 \xe4\xbb\xbb\xe5\x8a\xa1 \xe6\x9c\x80\xe5\xa5\xbd \xe4\xba\xba\xe7\x94\x9f \xe8\xa7\xa6\xe5\xba\x95 \xe8\xbf\x9b\xe5\xba\xa6 \xe4\xb8\x80\xe7\x9b\xb4 \xe8\xaf\xbb\xe7\xa0\x94'
40,有ee专业的朋友吗,b'\xe6\x9c\x8b\xe5\x8f\x8b \xe7\x94\xb5\xe6\xb0\x94 \xe7\x94\xb5\xe5\xad\x90 \xe4\xb8\x93\xe4\xb8\x9a'
41,这个人才储备好像有点东西啊，有点离谱,b'\xe6\x9c\x89\xe7\x82\xb9 \xe5\xa5\xbd\xe5\x83\x8f \xe5\x82\xa8\xe5\xa4\x87 \xe4\xba\xba\xe6\x89\x8d \xe7\xa6\xbb\xe8\xb0\xb1'
42,为了北京字节HR实习，值得花五千租房吗？,b'\xe5\xae\x9e\xe4\xb9\xa0 \xe6\xac\xa2\xe8\xbf\x8e \xe5\xad\x97\xe8\x8a\x82 \xe5\xb7\xa5\xe4\xbd\x9c \xe8\x80\x83\xe5\x85\xac \xe5\xa4\x87\xe6\x88\x98 \xe5\xad\xa6\xe6\xa0\xa1 \xe5\x85\x84\xe5\xbc\x9f\xe5\xa7\x90\xe5\xa6\xb9 \xe6\x8f\x90\xe9\x97\xae \xe8\xaf\xa2\xe9\x97\xae'
43,考了三次没考过六级，这次不想考了，会很影响找工作吗？,b'\xe8\xaf\xad\xe6\x96\x87 \xe5\xbd\xb1\xe5\x93\x8d \xe8\x80\x81\xe5\xb8\x88 \xe5\xb7\xa5\xe4\xbd\x9c \xe6\x99\xae\xe9\x80\x9a'
44,面试面抑郁了,b'\xe5\x8f\x91\xe7\x8e\xb0\xe8\x87\xaa\xe5\xb7\xb1 \xe9\x9d\xa2\xe8\xaf\x95 \xe6\x8a\x91\xe9\x83\x81 \xe5\xae\x9e\xe4\xb9\xa0 \xe5\x86\x99\xe9\xa2\x98'
45,中年失业日记（流水账）,b'\xe4\xbe\x9d\xe7\x84\xb6 \xe5\x92\x96\xe5\x95\xa1 \xe5\xa4\xb1\xe4\xb8\x9a \xe7\x94\xb5\xe5\x8f\xb0 \xe5\xb1\x95\xe8\xa7\x88 \xe5\xa5\xbd\xe5\xa4\x84 \xe7\xae\x80\xe5\x8e\x86 \xe6\x96\xad\xe8\xa3\x82 \xe7\xa4\xbe\xe4\xbc\x9a\xe7\xa7\xa9\xe5\xba\x8f \xe6\x9c\xac\xe6\x80\xa7'
46,在朋友__看见对字节的吐槽,b'\xe7\x9c\x8b\xe8\xa7\x81 \xe6\x9c\x8b\xe5\x8f\x8b \xe5\xad\x97\xe8\x8a\x82'
47,你是什么时候开始迷失自己的,b'\xe6\xa2\xa6\xe6\x83\xb3 \xe6\x94\xbe\xe5\xbc\x83'
48,你的18岁在读什么书？在想什么？,b'\xe6\x8f\x90\xe5\x88\xb0 \xe8\xaf\xa5\xe6\xad\xbb \xe7\x9c\x8b\xe5\xae\x8c \xe5\xbc\x80\xe5\xbf\x83 \xe5\xa4\x96\xe5\x9b\xbd\xe4\xba\xba \xe5\x9b\xbe\xe8\xa7\xa3 \xe5\x85\xa8\xe6\x96\x87 \xe6\x8b\xbc\xe5\x8a\xb2 \xe7\xbd\x91\xe7\xbb\x9c \xe5\x86\x85\xe5\xae\xb9'
49,pre太多了,b'\xe4\xb8\x8d\xe5\xa5\xbd \xe8\xae\xa1\xe7\xae\x97\xe6\x9c\xba \xe7\xa0\x94\xe7\xa9\xb6\xe7\x94\x9f \xe7\xae\x80\xe5\x8d\x95 \xe6\x9c\xac\xe5\xad\x90 \xe6\xb0\xb4\xe7\xac\x94 \xe5\xae\x9e\xe5\x9c\xa8 \xe5\x96\x9c\xe6\xac\xa2 \xe5\xae\x9e\xe9\xaa\x8c\xe5\xae\xa4 \xe5\x81\x9a\xe4\xb8\x8d\xe6\x9d\xa5'
50,高考进98five是为了啥,b'\xe4\xb8\x93\xe4\xb8\x9a \xe9\x92\xa2\xe5\x8e\x82 \xe9\xab\x98\xe7\x82\x89 \xe8\xbf\x87\xe6\x97\xa5\xe5\xad\x90 \xe5\x8f\xaa\xe8\x83\xbd \xe5\x86\xb0\xe7\x81\xab \xe5\xad\xa6\xe6\xa0\xa1 \xe6\x9b\xb4\xe5\xa5\xbd \xe5\xb0\xb1\xe4\xb8\x9a'
51,有被感情困扰的five吗？大家如何排解情绪呢？,b'\xe6\x83\x85\xe7\xbb\xaa \xe5\x9b\xb0\xe6\x89\xb0 \xe6\x80\xaa\xe5\x9c\x88 \xe5\xa7\x8b\xe7\xbb\x88 \xe9\x80\x83\xe4\xb8\x8d\xe5\x87\xba \xe6\x97\xa0\xe6\xb3\x95 \xe7\x9f\xa5\xe9\x81\x93 \xe5\xba\x94\xe8\xaf\xa5 \xe6\x8a\x98\xe7\xa3\xa8 \xe5\xbf\x98\xe8\xae\xb0'
52,大四下还要重修必修课会延毕吗？,b'\xe9\x87\x8d\xe4\xbf\xae \xe5\xbb\xb6\xe6\xaf\x95 \xe5\xbf\x85\xe4\xbf\xae\xe8\xaf\xbe \xe5\x8f\xaa\xe8\x83\xbd \xe6\xa5\xbc\xe4\xb8\xbb \xe5\xaf\xbc\xe8\x87\xb4'
53,高校辅导员面试完多久有结果啊？？等得心累,b'\xe9\x9d\xa2\xe8\xaf\x95 \xe5\x8f\xaa\xe8\x83\xbd \xe6\xad\xa3\xe8\xa7\x84 \xe6\x88\x90\xe7\xbb\xa9 \xe9\xab\x98\xe6\xa0\xa1 \xe8\xbe\x85\xe5\xaf\xbc\xe5\x91\x98 \xe5\xb1\x81\xe7\x94\xa8 \xe6\x8a\x9b\xe5\xbc\x83 \xe8\x82\xaf\xe5\xae\x9a \xe5\x91\x8a\xe8\xaf\x89'
54,看到一篇文章道尽人生真相,b'\xe5\xa4\xa7\xe5\xad\xa6 \xe4\xba\xba\xe7\x94\x9f \xe4\xbd\x93\xe5\x88\xb6 \xe9\xa3\x9e\xe6\x9c\xba \xe8\xaf\xbb\xe7\x89\xa9 \xe7\x9c\x8b\xe5\x88\xb0 \xe6\x96\x87\xe7\xab\xa0 \xe6\x95\x85\xe4\xb9\xa1 \xe5\x9b\x9e\xe5\x88\xb0 \xe8\x88\xaa\xe7\xa9\xba'
55,为什么内地学校很少有人gap和延毕呢？,b'\xe5\xbb\xb6\xe6\xaf\x95 \xe6\x94\xbf\xe7\xad\x96 \xe5\xa5\xbd\xe5\xa5\xbd \xe4\xba\xba\xe7\x94\x9f \xe4\xb8\x8d\xe7\xae\x97\xe4\xbb\x80\xe4\xb9\x88 \xe5\xad\xa6\xe6\xa0\xa1 \xe5\x81\x9a\xe5\x87\xba \xe5\x8e\x9f\xe5\x9b\xa0 \xe9\x80\x89\xe6\x8b\xa9 \xe8\xbe\x85\xe5\xaf\xbc\xe5\x91\x98'
56,深夜emo，觉得自己越来越废,b'\xe5\xad\xa6\xe6\x9c\x9f \xe9\x87\x8d\xe4\xbf\xae \xe9\xab\x98\xe6\x95\xb0 \xe5\x8f\xaa\xe8\x83\xbd \xe6\x84\x9f\xe8\xa7\x89 \xe5\xae\xb9\xe6\x98\x93 \xe7\x89\xb9\xe5\x88\xab \xe7\xbd\x91\xe8\xaf\xbe \xe6\x9c\x89\xe6\x97\xa0 \xe4\xb8\x93\xe4\xb8\x9a\xe8\xaf\xbe'
57,985硕士毕业8年了，还是大头兵，是five么？,b'\xe5\xb7\xa5\xe4\xbd\x9c \xe5\xa4\xa7\xe5\xa4\xb4 \xe7\x9c\x8b\xe4\xb8\x8d\xe5\x88\xb0 \xe7\x94\x9f\xe6\xb4\xbb \xe7\xa1\x95\xe5\xa3\xab \xe6\xaf\x95\xe4\xb8\x9a \xe5\xb8\x8c\xe6\x9c\x9b \xe7\x94\x9f\xe5\x91\xbd \xe8\xa2\xab\xe5\x8a\xa8 \xe5\xa5\xb3\xe5\x8f\x8b'
58,高校辅导员面试完多久有结果啊？？等得心累,b'\xe9\x9d\xa2\xe8\xaf\x95 \xe5\x8f\xaa\xe8\x83\xbd \xe6\xad\xa3\xe8\xa7\x84 \xe6\x88\x90\xe7\xbb\xa9 \xe9\xab\x98\xe6\xa0\xa1 \xe8\xbe\x85\xe5\xaf\xbc\xe5\x91\x98 \xe5\xb1\x81\xe7\x94\xa8 \xe6\x8a\x9b\xe5\xbc\x83 \xe8\x82\xaf\xe5\xae\x9a \xe5\x91\x8a\xe8\xaf\x89'
59,看到一篇文章道尽人生真相,b'\xe5\xa4\xa7\xe5\xad\xa6 \xe4\xba\xba\xe7\x94\x9f \xe4\xbd\x93\xe5\x88\xb6 \xe9\xa3\x9e\xe6\x9c\xba \xe8\xaf\xbb\xe7\x89\xa9 \xe7\x9c\x8b\xe5\x88\xb0 \xe6\x96\x87\xe7\xab\xa0 \xe6\x95\x85\xe4\xb9\xa1 \xe5\x9b\x9e\xe5\x88\xb0 \xe8\x88\xaa\xe7\xa9\xba'
60,为什么内地学校很少有人gap和延毕呢？,b'\xe5\xbb\xb6\xe6\xaf\x95 \xe6\x94\xbf\xe7\xad\x96 \xe5\xa5\xbd\xe5\xa5\xbd \xe4\xba\xba\xe7\x94\x9f \xe4\xb8\x8d\xe7\xae\x97\xe4\xbb\x80\xe4\xb9\x88 \xe5\xad\xa6\xe6\xa0\xa1 \xe5\x81\x9a\xe5\x87\xba \xe5\x8e\x9f\xe5\x9b\xa0 \xe9\x80\x89\xe6\x8b\xa9 \xe8\xbe\x85\xe5\xaf\xbc\xe5\x91\x98'
61,深夜emo，觉得自己越来越废,b'\xe5\xad\xa6\xe6\x9c\x9f \xe9\x87\x8d\xe4\xbf\xae \xe9\xab\x98\xe6\x95\xb0 \xe5\x8f\xaa\xe8\x83\xbd \xe6\x84\x9f\xe8\xa7\x89 \xe5\xae\xb9\xe6\x98\x93 \xe7\x89\xb9\xe5\x88\xab \xe7\xbd\x91\xe8\xaf\xbe \xe6\x9c\x89\xe6\x97\xa0 \xe4\xb8\x93\xe4\xb8\x9a\xe8\xaf\xbe'
62,985硕士毕业8年了，还是大头兵，是five么？,b'\xe5\xb7\xa5\xe4\xbd\x9c \xe5\xa4\xa7\xe5\xa4\xb4 \xe7\x9c\x8b\xe4\xb8\x8d\xe5\x88\xb0 \xe7\x94\x9f\xe6\xb4\xbb \xe7\xa1\x95\xe5\xa3\xab \xe6\xaf\x95\xe4\xb8\x9a \xe5\xb8\x8c\xe6\x9c\x9b \xe7\x94\x9f\xe5\x91\xbd \xe8\xa2\xab\xe5\x8a\xa8 \xe5\xa5\xb3\xe5\x8f\x8b'
63,大家来讨论一下国内哪些城市适合躺平吧,b'\xe5\xa5\xbd\xe5\x83\x8f \xe8\xba\xba\xe5\xb9\xb3 \xe6\x88\xbf\xe4\xbb\xb7 \xe5\xb7\xa5\xe4\xbd\x9c \xe7\x9f\xa5\xe9\x81\x93 \xe9\x80\x82\xe5\x90\x88 \xe6\x8e\x92\xe9\x99\xa4 \xe6\x89\xbe\xe5\x88\xb0 \xe8\xae\xa8\xe8\xae\xba\xe4\xb8\x80\xe4\xb8\x8b \xe7\x9b\xae\xe6\xa0\x87'
64,毕业退宿前一天晚上大家在做什么呢,b'\xe8\x8d\x89\xe8\x8d\x89 \xe8\xb5\xb7\xe5\xba\x8a \xe8\xb4\x9f\xe8\xb4\xa3 \xe4\xb8\x8d\xe6\x83\xb3 \xe9\x9a\xbe\xe8\xbf\x87 \xe5\xba\x8a\xe6\x9d\xbf \xe6\x83\xb3\xe4\xb9\xb0 \xe5\x9b\x9e\xe5\xae\xb6 \xe9\x80\x80\xe5\xae\xbf \xe6\xaf\x95\xe4\xb8\x9a'
65,为啥有这么多天坑专业啊,b'\xe4\xb8\x93\xe4\xb8\x9a \xe5\xb7\xa5\xe7\xa7\x91 \xe5\x86\x9c\xe6\x9e\x97 \xe7\x94\x9f\xe5\x8c\x96 \xe7\x8e\xaf\xe6\x9d\x90 \xe5\x90\x84\xe7\xa7\x8d\xe5\x90\x84\xe6\xa0\xb7 \xe8\xb5\xb7\xe7\xa0\x81 \xe8\xae\xa4\xe5\x8f\xaf \xe5\xaf\xb9\xe5\x8f\xa3 \xe4\xbc\x81\xe4\xb8\x9a'
66,准备考编，发现近100个人和我竞争同一个岗位，瞬间想哭怎么办,b'\xe7\x9c\x8b\xe5\x88\xb0 \xe5\xb2\x97\xe4\xbd\x8d \xe5\xba\x94\xe5\xb1\x8a\xe7\x94\x9f \xe5\x8a\xa8\xe5\x8a\x9b \xe6\x89\xbe\xe5\x88\xb0 \xe5\xb7\xa5\xe4\xbd\x9c \xe6\x89\x93\xe7\xae\x97 \xe5\xa5\xbd\xe5\xa5\xbd \xe5\x9b\xbe\xe4\xb9\xa6\xe9\xa6\x86 \xe7\xbb\xa7\xe7\xbb\xad'
67,随便闲聊下周围同学朋友吧,b'\xe5\x90\x8c\xe5\xad\xa6 \xe6\xaf\x95\xe4\xb8\x9a \xe5\xae\x9e\xe4\xb9\xa0 \xe5\xa5\xb3\xe6\x9c\x8b\xe5\x8f\x8b \xe5\xb7\xa5\xe4\xbd\x9c \xe5\x85\xac\xe5\x8a\xa1\xe5\x91\x98 \xe5\xbe\x88\xe5\xa5\xbd \xe9\x98\xb6\xe6\xae\xb5 \xe5\xbc\x80\xe9\x99\xa4 \xe6\x80\xa7\xe6\xa0\xbc'
68,有没有19、20届处于失业状态的five,b'\xe5\x8e\x8b\xe6\xa0\xb9 \xe6\x9c\x89\xe9\x99\x90 \xe5\xb2\x97\xe4\xbd\x8d \xe8\xb6\x8b\xe5\x8a\xbf \xe5\xa4\xa7\xe5\xad\xa6\xe7\x94\x9f \xe5\xb9\xb3\xe8\xa1\xa1 \xe7\x8a\xb6\xe6\x80\x81 \xe5\xa4\xb1\xe4\xb8\x9a \xe5\xa4\x84\xe4\xba\x8e \xe5\xb7\xa5\xe4\xbd\x9c'
69,小镇做题家们心情焦虑都是怎么解决的呀,b'\xe7\x88\xb6\xe6\xaf\x8d \xe5\xa4\xa7\xe7\x97\x85 \xe6\x8b\x85\xe5\xbf\x83 \xe5\xbf\x83\xe6\x80\x81 \xe6\x94\xaf\xe6\x92\x91 \xe5\x81\xa5\xe5\xba\xb7 \xe7\x84\xa6\xe8\x99\x91 \xe4\xb8\x8d\xe6\x83\xb3 \xe6\x8a\x91\xe9\x83\x81 \xe7\x9c\x9f\xe7\x9a\x84'
70,打算考公的22应届还会去暑假实习吗,b'\xe8\x80\x83\xe5\x85\xac \xe4\xba\x8b\xe6\x83\x85 \xe5\xa4\x8d\xe4\xb9\xa0 \xe8\xae\xba\xe6\x96\x87 \xe6\x84\x9f\xe8\xa7\x89 \xe6\x89\x93\xe7\xae\x97 \xe5\xba\x94\xe5\xb1\x8a \xe6\x94\xbe\xe5\xbc\x83 \xe4\xb8\x8d\xe6\x95\xa2 \xe9\xa2\x98\xe7\x9b\xae'
71,有没有学医的，临毕业不想当医生，觉得当医生好累啊好累啊__,b'\xe5\xb7\xa5\xe4\xbd\x9c \xe8\xbe\x9b\xe8\x8b\xa6 \xe4\xb8\x8d\xe6\x83\xb3 \xe5\x8c\xbb\xe7\x94\x9f \xe5\xbc\x80\xe5\xaf\xbc \xe6\x84\x9f\xe5\x8f\x97 \xe7\x94\x9f\xe7\x90\x86\xe6\x9c\x9f \xe5\x8a\xa0\xe7\x8f\xad \xe6\x83\xb3\xe6\xb3\x95 \xe6\x97\xb6\xe5\x88\xbb'
72,奇怪，入组时不是要有申请吗？,b'\xe5\xad\xa6\xe6\xa0\xa1 \xe5\x8f\x91\xe4\xb8\x8b \xe8\xae\xb0\xe5\xbe\x97 \xe5\xa5\xbd\xe5\x83\x8f \xe7\x94\xb3\xe8\xaf\xb7\xe7\x90\x86\xe7\x94\xb1'
73,说医生穷的可以看看这里,b'\xe7\xa1\x95\xe5\xa3\xab \xe5\xa5\xb3\xe5\x8c\xbb\xe7\x94\x9f \xe7\x9c\x8b\xe7\x9c\x8b \xe6\x84\xbf\xe6\x84\x8f \xe5\x90\x83\xe9\xa6\x99 \xe5\xb9\xb3\xe5\x8f\xb0 \xe8\x96\xaa\xe8\xb5\x84 \xe7\xa0\x81\xe5\x86\x9c \xe5\x8d\xb1\xe6\x9c\xba \xe7\x9c\x9f\xe5\xae\x9e'
74,马上要高考了，复读five能不能改命就在这几天了,b'\xe5\xa4\x8d\xe8\xaf\xbb \xe7\xbb\x8f\xe5\x8e\x86 \xe7\xb4\xa7\xe5\xbc\xa0 \xe9\xab\x98\xe8\x80\x83 \xe6\x94\xb9\xe5\x91\xbd'
75,绩点对考研到底有多大影响,b'\xe8\x80\x83\xe7\xa0\x94 \xe7\xbb\xa9\xe7\x82\xb9 \xe6\xa5\xbc\xe4\xb8\xbb \xe5\xbd\xb1\xe5\x93\x8d \xe7\x9f\xa5\xe9\x81\x93 \xe6\x88\x90\xe7\xbb\xa9 \xe4\xb8\x8d\xe5\xa5\xbd \xe6\x89\x93\xe7\xae\x97 \xe9\xab\x98\xe8\x80\x83 \xe5\x8e\x9f\xe5\x9b\xa0'
76,北大硕士，月薪8k,b'\xe7\xa1\x95\xe5\xa3\xab \xe5\x9b\x9e\xe8\x80\x81\xe5\xae\xb6 \xe9\x80\x80\xe5\xad\xa6 \xe5\x8d\x9a\xe5\xa3\xab \xe6\x9c\x88\xe8\x96\xaa \xe7\xa7\x81\xe7\xab\x8b\xe5\xad\xa6\xe6\xa0\xa1 \xe6\x89\x93\xe7\xae\x97 \xe7\xad\x96\xe7\x95\xa5 \xe5\xb9\xbf\xe5\x91\x8a\xe5\x85\xac\xe5\x8f\xb8 \xe5\x8a\xa9\xe7\x90\x86'
77,关于NGO/NPO的答疑解惑,b'\xe8\xa1\x8c\xe4\xb8\x9a \xe5\x85\xac\xe7\x9b\x8a \xe5\x8f\x91\xe5\xb1\x95 \xe6\xaf\x94\xe8\xbe\x83 \xe5\x9f\xba\xe9\x87\x91\xe4\xbc\x9a \xe7\xa4\xbe\xe4\xbc\x9a \xe9\xa1\xb9\xe7\x9b\xae \xe7\x9b\xb8\xe5\x85\xb3 \xe8\x83\x8c\xe6\x99\xaf \xe4\xb8\x93\xe4\xb8\x9a'
78,东北省会10年老公务员分享职业经历,b'\xe5\x92\xa8\xe8\xaf\xa2 \xe7\xbb\x8f\xe5\x8e\x86 \xe9\x97\xae\xe9\xa2\x98 \xe6\xa5\xbc\xe4\xb8\xbb \xe5\xb8\x96\xe5\xad\x90 \xe8\x80\x81\xe9\x93\x81 \xe8\x81\x8c\xe4\xb8\x9a \xe5\xb7\xa5\xe4\xbd\x9c \xe5\x85\xac\xe5\x8a\xa1\xe5\x91\x98 \xe7\xa7\x81\xe4\xbf\xa1'
79,考公，先考研再选调是否岗位更好一些,b'\xe8\x80\x83\xe7\xa0\x94 \xe9\x80\x89\xe8\xb0\x83 \xe8\x80\x83\xe5\x85\xac \xe5\xae\xb6\xe4\xb9\xa1 \xe5\x8e\x8b\xe5\x8a\x9b \xe5\xbe\x88\xe7\xa9\xb7 \xe4\xb8\x8d\xe5\xa4\xaa\xe6\x83\xb3 \xe6\x98\xaf\xe5\x90\xa6 \xe5\xb2\x97\xe4\xbd\x8d \xe6\xaf\x95\xe4\xb8\x9a'
80,uu们在多人饭局的时候怎么才能显得正常点啊,b'\xe5\x90\x8c\xe4\xba\x8b \xe5\x90\x83\xe9\xa5\xad \xe6\x98\xbe\xe5\xbe\x97 \xe8\xae\xa4\xe8\xaf\x86 \xe6\x89\x8b\xe6\x9c\xba \xe4\xba\x8b\xe6\x83\x85 \xe9\x99\x8c\xe7\x94\x9f\xe4\xba\xba \xe7\xa4\xbe\xe4\xba\xa4 \xe5\x96\x9d\xe6\xb0\xb4 \xe5\x81\x87\xe8\xa3\x85'
81,讨论&咨询|互联网大厂实习or工作体验,b'\xe5\xae\x9e\xe4\xb9\xa0 \xe4\xba\x92\xe8\x81\x94\xe7\xbd\x91 \xe5\xa4\xa7\xe5\x8e\x82 \xe5\x9b\xb4\xe5\x9f\x8e \xe6\x9c\x89\xe6\xb2\xa1\xe6\x9c\x89 \xe5\xb9\xbb\xe6\x83\xb3 \xe5\x8f\xaa\xe8\x83\xbd \xe4\xbd\x93\xe9\xaa\x8c \xe5\x90\x8e\xe6\x82\x94 \xe6\xbb\xa4\xe9\x95\x9c'
82,硕士延毕了，千辛万苦考上的选调估计也凉了,b'\xe8\x80\x83\xe4\xb8\x8a \xe5\xbb\xb6\xe6\xaf\x95 \xe5\x81\x9c\xe6\xad\xa2 \xe7\x8e\xb0\xe5\xae\x9e \xe4\xba\xba\xe7\x94\x9f \xe7\x86\xac\xe5\x87\xba\xe5\xa4\xb4 \xe4\xb8\x80\xe9\x94\xae \xe9\x80\x89\xe8\xb0\x83 \xe4\xbc\xb0\xe8\xae\xa1 \xe7\xa1\x95\xe5\xa3\xab'
83,不想读研但产生了学历焦虑,b'\xe5\x85\xac\xe5\x8a\xa1\xe5\x91\x98 \xe5\xad\xa6\xe5\x8e\x86 \xe6\xaf\x95\xe4\xb8\x9a \xe7\x9c\x9f\xe7\x9a\x84 \xe7\x84\xa6\xe8\x99\x91 \xe8\x80\x83\xe7\xa0\x94 \xe4\xbf\x9d\xe7\xa0\x94 \xe4\xb8\x8d\xe6\x83\xb3 \xe4\xba\xa7\xe7\x94\x9f \xe6\x88\x90\xe7\xbb\xa9'
84,985本硕five和专科富二代人赢,b'\xe5\x8e\x8b\xe5\x8a\x9b \xe6\xaf\x95\xe4\xb8\x9a \xe5\xad\xa9\xe5\xad\x90 \xe6\x84\x9f\xe8\xa7\x89 \xe5\xb7\xa5\xe4\xbd\x9c \xe4\xb8\x8d\xe7\x94\xa8 \xe6\x88\xbf\xe5\xad\x90 \xe7\xbb\xa7\xe6\x89\xbf \xe7\x9c\x9f\xe7\x9a\x84 \xe5\xae\xb6\xe4\xb8\x9a'
85,连续哭四天了好崩溃,b'\xe7\x89\xb9\xe5\x88\xab \xe5\xb7\xa5\xe4\xbd\x9c \xe7\x9c\x9f\xe7\x9a\x84 \xe6\x88\xbf\xe4\xb8\x9c \xe8\xae\xb2\xe8\xaf\x9d \xe5\xb0\x8f\xe5\x8c\xba \xe7\xa6\xbb\xe5\xbc\x80 \xe4\xb8\x8d\xe6\x83\xb3 \xe8\xa3\x85\xe4\xbf\xae \xe5\x85\xb4\xe8\xb6\xa3'
86,跟高中同学打电话后哭了一场,b'\xe8\xa7\x89\xe5\xbe\x97 \xe5\xa5\xbd\xe7\xb4\xaf \xe8\xaf\xad\xe9\x9f\xb3 \xe8\x8a\xb1\xe7\x97\xb4 \xe8\x87\xaa\xe5\xbe\x8b \xe5\xad\xa6\xe6\xb8\xa3 \xe6\x9c\x89\xe6\xaf\x92 \xe8\x83\xbd\xe5\x8a\x9b \xe6\x89\x8b\xe6\x9c\xba \xe9\x80\x90\xe6\xad\xa5'
87,你真的会选择不婚不育吗？还是口嗨而已？,b'\xe4\xb8\x8d\xe5\xa9\x9a \xe5\xa9\x9a\xe5\xa7\xbb \xe7\xbb\x93\xe5\xa9\x9a \xe5\x8e\x8b\xe5\x8a\x9b \xe7\xa4\xbe\xe4\xbc\x9a \xe4\xb8\x8d\xe8\x82\xb2 \xe5\xb9\xb3\xe5\xba\xb8 \xe7\x94\x9f\xe5\xad\x90 \xe5\xae\x9a\xe4\xb9\x89 \xe8\xba\xab\xe4\xbb\xbd'
88,不想读研但产生了学历焦虑,b'\xe5\x85\xac\xe5\x8a\xa1\xe5\x91\x98 \xe5\xad\xa6\xe5\x8e\x86 \xe6\xaf\x95\xe4\xb8\x9a \xe7\x9c\x9f\xe7\x9a\x84 \xe7\x84\xa6\xe8\x99\x91 \xe8\x80\x83\xe7\xa0\x94 \xe4\xbf\x9d\xe7\xa0\x94 \xe4\xb8\x8d\xe6\x83\xb3 \xe4\xba\xa7\xe7\x94\x9f \xe6\x88\x90\xe7\xbb\xa9'
89,985本硕five和专科富二代人赢,b'\xe5\x8e\x8b\xe5\x8a\x9b \xe6\xaf\x95\xe4\xb8\x9a \xe5\xad\xa9\xe5\xad\x90 \xe6\x84\x9f\xe8\xa7\x89 \xe5\xb7\xa5\xe4\xbd\x9c \xe4\xb8\x8d\xe7\x94\xa8 \xe6\x88\xbf\xe5\xad\x90 \xe7\xbb\xa7\xe6\x89\xbf \xe7\x9c\x9f\xe7\x9a\x84 \xe5\xae\xb6\xe4\xb8\x9a'
90,连续哭四天了好崩溃,b'\xe7\x89\xb9\xe5\x88\xab \xe5\xb7\xa5\xe4\xbd\x9c \xe7\x9c\x9f\xe7\x9a\x84 \xe6\x88\xbf\xe4\xb8\x9c \xe8\xae\xb2\xe8\xaf\x9d \xe5\xb0\x8f\xe5\x8c\xba \xe7\xa6\xbb\xe5\xbc\x80 \xe4\xb8\x8d\xe6\x83\xb3 \xe8\xa3\x85\xe4\xbf\xae \xe5\x85\xb4\xe8\xb6\xa3'
91,跟高中同学打电话后哭了一场,b'\xe8\xa7\x89\xe5\xbe\x97 \xe5\xa5\xbd\xe7\xb4\xaf \xe8\xaf\xad\xe9\x9f\xb3 \xe8\x8a\xb1\xe7\x97\xb4 \xe8\x87\xaa\xe5\xbe\x8b \xe5\xad\xa6\xe6\xb8\xa3 \xe6\x9c\x89\xe6\xaf\x92 \xe8\x83\xbd\xe5\x8a\x9b \xe6\x89\x8b\xe6\x9c\xba \xe9\x80\x90\xe6\xad\xa5'
92,你真的会选择不婚不育吗？还是口嗨而已？,b'\xe4\xb8\x8d\xe5\xa9\x9a \xe5\xa9\x9a\xe5\xa7\xbb \xe7\xbb\x93\xe5\xa9\x9a \xe5\x8e\x8b\xe5\x8a\x9b \xe7\xa4\xbe\xe4\xbc\x9a \xe4\xb8\x8d\xe8\x82\xb2 \xe5\xb9\xb3\xe5\xba\xb8 \xe7\x94\x9f\xe5\xad\x90 \xe5\xae\x9a\xe4\xb9\x89 \xe8\xba\xab\xe4\xbb\xbd'
93,法考身份核验是人脸识别吗,b'\xe8\xba\xab\xe4\xbb\xbd \xe6\xa0\xb8\xe9\xaa\x8c \xe4\xba\xba\xe8\x84\xb8\xe8\xaf\x86\xe5\x88\xab \xe8\xaf\x81\xe4\xbb\xb6 \xe7\x85\xa7\xe7\x89\x87 \xe7\x96\xab\xe6\x83\x85 \xe5\x8f\xaa\xe8\x83\xbd \xe5\x87\xba\xe4\xb8\x8d\xe5\x8e\xbb \xe7\x94\xb5\xe5\xad\x90 \xe6\x8a\xa5\xe5\x90\x8d'
94,考试月学不进去,b'\xe8\x80\x83\xe8\xaf\x95 \xe6\x82\xa3\xe8\x80\x85 \xe9\x87\x8d\xe5\xba\xa6 \xe6\xb2\xa1\xe7\x9c\x8b \xe4\xb8\x93\xe4\xb8\x9a\xe8\xaf\xbe \xe5\x88\x92\xe6\xb0\xb4 \xe4\xba\x8b\xe6\x83\x85 \xe6\x84\x9f\xe8\xa7\x89 \xe7\xb4\xa7\xe5\xbc\xa0 \xe7\xb2\xbe\xe7\xa5\x9e'
95,考研，研究院和大学研究生有什么区别吗？,b'\xe5\xa4\xa7\xe5\xad\xa6 \xe4\xbf\xa1\xe6\x81\xaf\xe5\xae\x89\xe5\x85\xa8 \xe4\xb8\x93\xe4\xb8\x9a \xe7\xa0\x94\xe7\xa9\xb6\xe9\x99\xa2 \xe7\xa0\x94\xe7\xa9\xb6\xe7\x94\x9f \xe5\x8c\xba\xe5\x88\xab \xe8\xae\xa1\xe7\xae\x97\xe6\x9c\xba \xe4\xb8\x93\xe7\xa1\x95 \xe8\x80\x83\xe7\xa0\x94 \xe8\xbd\xaf\xe5\x92\x8c'
96,一个985废物是如何失败三次的,b'\xe5\xb7\xa5\xe4\xbd\x9c \xe5\x96\x9c\xe6\xac\xa2 \xe5\xa4\xa7\xe5\xad\xa6 \xe5\x9c\xb0\xe6\x96\xb9 \xe4\xb8\x80\xe7\x9b\xb4 \xe7\x94\xb5\xe5\xbd\xb1 \xe5\xae\xb6\xe5\xba\xad \xe8\xa7\x89\xe5\xbe\x97 \xe6\x84\x9f\xe8\xa7\x89 \xe4\xb8\x8d\xe5\xa5\xbd'
97,本科毕业能找到不错的工作还要读研吗？,b'\xe8\xaf\xbb\xe7\xa0\x94 \xe7\x84\xa6\xe8\x99\x91 \xe4\xb8\x8d\xe9\x94\x99 \xe7\xa0\x94\xe7\xa9\xb6\xe7\x94\x9f \xe6\x9c\xac\xe7\xa7\x91\xe6\xaf\x95\xe4\xb8\x9a \xe9\x80\x82\xe5\x90\x88 \xe8\xae\xa8\xe5\x8e\x8c \xe7\xa7\x91\xe7\xa0\x94 \xe8\xba\xba\xe5\xb9\xb3 \xe6\x94\xbe\xe5\xbc\x83'
98,98five去包邮区当政府合同工值得吗？,b'\xe6\x9c\x8d\xe5\x8a\xa1\xe6\x9c\x9f \xe9\x82\xae\xe5\x8c\xba \xe6\x94\xbf\xe5\xba\x9c \xe5\x90\x88\xe5\x90\x8c\xe5\xb7\xa5 \xe5\x80\xbc\xe5\xbe\x97 \xe5\xbe\x85\xe9\x81\x87 \xe5\x88\xb0\xe6\x89\x8b \xe5\x9c\xb0\xe5\x8c\xba'
99,毕业后的人生一落千丈 在职备考公考 第四次考公 感觉又要失败了,b'\xe6\xaf\x95\xe4\xb8\x9a \xe8\x80\x83\xe8\xaf\x95 \xe5\xb7\xa5\xe4\xbd\x9c \xe4\xb8\x80\xe7\x9b\xb4 \xe5\xa4\x87\xe8\x80\x83 \xe4\xba\xba\xe7\x94\x9f \xe8\x96\xaa\xe8\xb5\x84 \xe6\x84\x9f\xe8\xa7\x89 \xe6\x88\x90\xe7\xbb\xa9 \xe5\xbf\x83\xe6\x80\x81'
100,今天打电话通知我延毕了,b'\xe5\xbb\xb6\xe6\xaf\x95 \xe9\x80\x9a\xe7\x9f\xa5 \xe9\x87\x8f\xe5\xad\x90\xe5\x8a\x9b\xe5\xad\xa6 \xe6\x89\x93\xe7\x94\xb5\xe8\xaf\x9d \xe6\xb0\xb8\xe8\xbf\x9c \xe6\x8c\x82\xe5\x88\xb0'
101,毕业照的碎碎念,b'\xe6\xaf\x95\xe4\xb8\x9a \xe4\xb8\x8d\xe6\x83\xb3 \xe6\xb5\x81\xe8\x8b\x8f \xe6\x90\xad\xe9\x85\x8d \xe6\x9e\xaf\xe6\xa7\x81 \xe7\x8e\xb0\xe5\x9c\xba \xe9\xa3\x9e\xe8\xb5\xb0 \xe7\x81\xb0\xe8\x89\xb2 \xe6\x9c\x8b\xe5\x8f\x8b\xe5\x9c\x88 \xe7\x95\x99\xe5\xbf\xb5'
102,年近30 中流金融985five可以在二线城市找到什么工作？,b'\xe5\xb7\xa5\xe4\xbd\x9c \xe7\x94\x9f\xe6\xb4\xbb \xe5\xb7\xa5\xe8\xb5\x84 \xe5\x85\xac\xe5\x8a\xa1\xe5\x91\x98 \xe7\xbb\x8f\xe5\x8e\x86 \xe8\xb5\x84\xe6\xa0\xbc \xe6\x97\xa0\xe6\xb3\x95 \xe5\x85\xa8\xe9\xa2\x9d \xe4\xb8\x80\xe9\x87\x91 \xe6\xbb\xa1\xe8\xb6\xb3'
103,明晚（6月5日周六20：30）准备开个直播欢迎大家来聊天,b'\xe6\xac\xa2\xe8\xbf\x8e \xe6\x96\xb0\xe9\x97\xbb \xe5\x87\x86\xe5\xa4\x87 \xe4\xb8\x8a\xe5\x9b\xbe \xe7\x8f\x8d\xe6\x83\x9c \xe6\x88\xbf\xe5\xad\x90 \xe7\xbb\x84\xe8\xa7\x84 \xe5\x90\x8d\xe6\xa0\xa1 \xe8\xae\xa4\xe4\xb8\xba \xe6\x8f\x90\xe9\x86\x92'
104,申研香港和英国，有必要找中介写文书吗？,b'\xe6\x96\x87\xe4\xb9\xa6 \xe5\xbf\x85\xe8\xa6\x81'
105,报盐城下属各县人才引进的uu们，请看过来。,b'\xe5\x85\xac\xe5\x8a\xa1\xe5\x91\x98 \xe5\xb8\x96\xe5\xad\x90 \xe8\xae\xba\xe5\x9d\x9b \xe6\x83\xb3\xe8\xa6\x81 \xe5\xa4\x87\xe8\x80\x83 \xe5\x9c\xa8\xe8\x81\x8c \xe5\xbc\x95\xe8\xbf\x9b \xe8\xaf\xb7\xe9\x97\xae \xe4\xba\xba\xe6\x89\x8d \xe6\x83\x85\xe5\x86\xb5'
106,找工作&考研&不点外卖打卡,b'\xe8\x80\x83\xe7\xa0\x94 \xe4\xb8\x8d\xe6\x83\xb3 \xe4\xb8\x8d\xe7\x82\xb9 \xe7\x8a\xb6\xe6\x80\x81 \xe5\xa4\xb1\xe4\xb8\x9a \xe6\x89\x93\xe7\xae\x97 \xe5\x9c\xa8\xe8\x81\x8c \xe6\x89\x93\xe5\x8d\xa1 \xe5\xa4\x96\xe5\x8d\x96 \xe8\xbe\x9e\xe8\x81\x8c'
107,。,b''
108,转法学成功要不要降级,b'\xe5\xad\xa6\xe6\xa0\xa1 \xe4\xb8\x93\xe4\xb8\x9a \xe9\x99\x8d\xe7\xba\xa7 \xe6\xb3\x95\xe5\xad\xa6 \xe6\x88\x90\xe5\x8a\x9f \xe9\x9d\xa2\xe8\xaf\x95 \xe5\x8f\x82\xe5\x8a\xa0'
109,雅思正课要求是7/6.5，目前考到6.5了是上语言班还是继续考？,b'\xe6\x9c\x89\xe7\x82\xb9 \xe6\x84\x9f\xe8\xa7\x89 \xe4\xba\x8b\xe6\x83\x85 \xe5\x9d\x9a\xe6\x8c\x81 \xe4\xb8\x8d\xe4\xbd\x8f \xe6\xb0\xb4\xe5\xb9\xb3 \xe8\xaf\xad\xe8\xa8\x80 \xe6\x9c\x89\xe6\xb2\xa1\xe6\x9c\x89 \xe5\xb7\xa5\xe4\xbd\x9c \xe5\xb7\xb2\xe7\xbb\x8f'
110,给英语好的98five们推荐一个考研性价比高的地方&一些碎碎念,b'\xe5\xa4\x8d\xe8\xaf\x95 \xe4\xb8\x93\xe4\xb8\x9a \xe7\x94\xb3\xe8\xaf\xb7 \xe6\xb8\x85\xe5\x8d\x8e \xe8\x80\x83\xe7\xa0\x94 \xe6\x80\xbb\xe7\xbb\x93 \xe6\x9c\x80\xe7\xbb\x88 \xe6\x8e\xa8\xe8\x8d\x90 \xe7\xbb\xb4\xe6\x8c\x81 \xe8\xae\xa1\xe7\xae\x97\xe6\x9c\xba'
111,five自救，纯树洞记录,b'\xe8\xae\xb0\xe5\xbd\x95 \xe6\xa0\x91\xe6\xb4\x9e \xe8\x87\xaa\xe6\x95\x91 \xe6\x89\x93\xe5\x8d\xa1 \xe5\x9c\xb0\xe6\x96\xb9'
112,我说话不冲吧？,b'\xe5\x8f\x91\xe7\x8e\xb0 \xe6\x88\x90\xe4\xb8\xba \xe8\xa7\x89\xe5\xbe\x97 \xe5\x93\xad\xe8\xaf\x89 \xe9\x9a\xbe\xe8\xbf\x87 \xe5\xad\xa9\xe5\xad\x90 \xe7\x94\x9f\xe6\xb0\x94 \xe8\xb0\x88\xe5\xbf\x83 \xe5\xa6\x88\xe5\xa6\x88 \xe6\x9c\x8b\xe5\x8f\x8b'
113,大家毕业这段时间都在干嘛,b'\xe9\x97\xb2\xe4\xb8\x8b\xe6\x9d\xa5 \xe6\x89\x8b\xe6\x9c\xba \xe6\x97\x85\xe8\xa1\x8c \xe8\xae\xba\xe6\x96\x87 \xe4\xb8\x8d\xe6\x83\xb3 \xe8\xa1\xac\xe6\x89\x98 \xe6\xb8\xb8\xe6\x88\x8f \xe6\x9c\x89\xe7\x82\xb9 \xe4\xb9\xa0\xe6\x83\xaf \xe6\xb2\xa1\xe6\x84\x8f\xe6\x80\x9d'
114,__读研的意义是什么,b'\xe5\xb8\x96\xe5\xad\x90 \xe7\x9c\x9f\xe7\x9a\x84 \xe6\x89\xbf\xe8\xaf\xba \xe7\xa7\x91\xe7\xa0\x94 \xe5\x8a\xa9\xe7\x90\x86 \xe5\xad\xa6\xe6\xa0\xa1 \xe7\x94\x9f\xe6\xb4\xbb \xe6\x97\xb6\xe9\x97\xb4 \xe8\xaf\xbb\xe7\xa0\x94 \xe9\xa1\xb9\xe7\x9b\xae'
115,人才引进，多远算是异地呢？,b'\xe5\xbc\x82\xe5\x9c\xb0 \xe7\xae\x97\xe6\x98\xaf \xe5\xbc\x95\xe8\xbf\x9b \xe6\xaf\x94\xe8\xbe\x83\xe6\xbb\xa1\xe6\x84\x8f \xe5\x85\xac\xe4\xba\xa4 \xe4\xba\xba\xe6\x89\x8d \xe6\x8b\x9b\xe8\x80\x83 \xe5\x8d\x95\xe4\xbd\x8d \xe5\xb7\xa5\xe4\xbd\x9c \xe5\x9c\xb0\xe7\x82\xb9'
116,有学艺术史的朋友吗，这专业怎么样？,b'\xe7\x94\xbb\xe7\x94\xbb \xe4\xb8\x93\xe4\xb8\x9a \xe5\xad\xa6\xe4\xb9\xa0 \xe5\xad\xa6\xe6\xa0\xa1 \xe8\x80\x81\xe5\xb8\x88 \xe8\xae\xbe\xe8\xae\xa1 \xe5\xba\x9f\xe7\x89\xa9 \xe8\x80\x83\xe7\xa0\x94 \xe5\x96\x9c\xe6\xac\xa2 \xe5\xb7\xa5\xe4\xbd\x9c'
117,22届five强制实习到八月，不知道后面怎么办,b'\xe5\xae\x9e\xe4\xb9\xa0 \xe5\xb7\xa5\xe4\xbd\x9c \xe6\xb4\xbb\xe5\x8a\xa8 \xe9\xa1\xb9\xe7\x9b\xae \xe7\x84\xa6\xe8\x99\x91\xe7\x97\x87 \xe7\xa4\xbe\xe4\xba\xa4 \xe8\x83\x9c\xe4\xbb\xbb \xe8\x8b\xa6\xe6\x81\xbc \xe4\xba\xa7\xe5\x93\x81 \xe6\xb5\x81\xe6\xb3\xaa'
118,大家毕业这段时间都在干嘛,b'\xe9\x97\xb2\xe4\xb8\x8b\xe6\x9d\xa5 \xe6\x89\x8b\xe6\x9c\xba \xe6\x97\x85\xe8\xa1\x8c \xe8\xae\xba\xe6\x96\x87 \xe4\xb8\x8d\xe6\x83\xb3 \xe8\xa1\xac\xe6\x89\x98 \xe6\xb8\xb8\xe6\x88\x8f \xe6\x9c\x89\xe7\x82\xb9 \xe4\xb9\xa0\xe6\x83\xaf \xe6\xb2\xa1\xe6\x84\x8f\xe6\x80\x9d'
119,__读研的意义是什么,b'\xe5\xb8\x96\xe5\xad\x90 \xe7\x9c\x9f\xe7\x9a\x84 \xe6\x89\xbf\xe8\xaf\xba \xe7\xa7\x91\xe7\xa0\x94 \xe5\x8a\xa9\xe7\x90\x86 \xe5\xad\xa6\xe6\xa0\xa1 \xe7\x94\x9f\xe6\xb4\xbb \xe6\x97\xb6\xe9\x97\xb4 \xe8\xaf\xbb\xe7\xa0\x94 \xe9\xa1\xb9\xe7\x9b\xae'
120,人才引进，多远算是异地呢？,b'\xe5\xbc\x82\xe5\x9c\xb0 \xe7\xae\x97\xe6\x98\xaf \xe5\xbc\x95\xe8\xbf\x9b \xe6\xaf\x94\xe8\xbe\x83\xe6\xbb\xa1\xe6\x84\x8f \xe5\x85\xac\xe4\xba\xa4 \xe4\xba\xba\xe6\x89\x8d \xe6\x8b\x9b\xe8\x80\x83 \xe5\x8d\x95\xe4\xbd\x8d \xe5\xb7\xa5\xe4\xbd\x9c \xe5\x9c\xb0\xe7\x82\xb9'
121,有学艺术史的朋友吗，这专业怎么样？,b'\xe7\x94\xbb\xe7\x94\xbb \xe4\xb8\x93\xe4\xb8\x9a \xe5\xad\xa6\xe4\xb9\xa0 \xe5\xad\xa6\xe6\xa0\xa1 \xe8\x80\x81\xe5\xb8\x88 \xe8\xae\xbe\xe8\xae\xa1 \xe5\xba\x9f\xe7\x89\xa9 \xe8\x80\x83\xe7\xa0\x94 \xe5\x96\x9c\xe6\xac\xa2 \xe5\xb7\xa5\xe4\xbd\x9c'
122,22届five强制实习到八月，不知道后面怎么办,b'\xe5\xae\x9e\xe4\xb9\xa0 \xe5\xb7\xa5\xe4\xbd\x9c \xe6\xb4\xbb\xe5\x8a\xa8 \xe9\xa1\xb9\xe7\x9b\xae \xe7\x84\xa6\xe8\x99\x91\xe7\x97\x87 \xe7\xa4\xbe\xe4\xba\xa4 \xe8\x83\x9c\xe4\xbb\xbb \xe8\x8b\xa6\xe6\x81\xbc \xe4\xba\xa7\xe5\x93\x81 \xe6\xb5\x81\xe6\xb3\xaa'
123,有时候觉得辛苦读到985不如做网红,b'\xe4\xbb\xb7\xe5\x80\xbc \xe7\xbe\x8e\xe8\xb2\x8c \xe8\xa7\x89\xe5\xbe\x97 \xe7\x9c\x9f\xe7\x9a\x84 \xe8\xb5\x9a\xe9\x92\xb1 \xe7\x84\xa6\xe8\x99\x91 \xe6\x89\xbe\xe5\x88\xb0 \xe5\xbe\x97\xe5\x88\xb0 \xe5\xbd\xa2\xe8\xb1\xa1 \xe8\xa7\x86\xe9\xa2\x91'
124,有木有逐渐认识到健康远比学业事业更重要的fw,b'\xe7\x94\x9f\xe5\x91\xbd \xe8\xba\xab\xe4\xbd\x93 \xe6\x97\xb6\xe9\x97\xb4 \xe7\x9c\x8b\xe5\x88\xb0 \xe7\x9c\xbc\xe7\x9d\x9b \xe7\x94\x9f\xe7\x89\xa9\xe9\x92\x9f \xe5\x81\xa5\xe5\xba\xb7 \xe8\xbf\x9b\xe5\xba\xa6 \xe6\x81\xb6\xe6\x80\xa7\xe8\x82\xbf\xe7\x98\xa4 \xe4\xba\xa4\xe5\xb7\xae'
125,不打工了，放弃offer，专门复习法考,b'\xe6\x94\xbe\xe5\xbc\x83 \xe5\xa4\x8d\xe4\xb9\xa0 \xe4\xb8\x93\xe9\x97\xa8 \xe6\x89\x93\xe5\xb7\xa5'
126,不喜欢读书,b'\xe8\xaf\xbb\xe4\xb9\xa6 \xe5\x96\x9c\xe6\xac\xa2 \xe6\x84\x9f\xe8\xa7\x89 \xe7\x94\x9f\xe6\xb4\xbb \xe7\x90\x86\xe8\xae\xba \xe7\x9f\xa5\xe8\xaf\x86 \xe7\xbb\xa7\xe7\xbb\xad \xe5\xbd\xb1\xe5\x93\x8d \xe8\xbf\x87\xe7\xa8\x8b \xe4\xb8\x8d\xe5\xa5\xbd'
127,20届选调上岸，分享我的公务员结构化面试经验,b'\xe9\x97\xae\xe9\xa2\x98 \xe7\xad\x94\xe9\xa2\x98 \xe9\xa2\x98\xe5\x9e\x8b \xe6\xa8\xa1\xe6\x9d\xbf \xe5\x9b\x9e\xe7\xad\x94 \xe6\x80\x9d\xe8\xb7\xaf \xe6\x80\xbb\xe7\xbb\x93 \xe6\xb4\xbb\xe5\x8a\xa8 \xe7\xa4\xbe\xe4\xbc\x9a \xe7\x8e\xb0\xe8\xb1\xa1'
128,留学申请过程中，冒出了以后想当中介的大胆想法,b'\xe5\xb7\xa5\xe4\xbd\x9c\xe5\xae\xa4 \xe7\x94\xb3\xe8\xaf\xb7 \xe6\x8e\xa5\xe8\xa7\xa6 \xe8\xbf\x87\xe7\xa8\x8b \xe6\x97\xb6\xe9\x97\xb4 \xe8\x81\x8c\xe4\xb8\x9a \xe5\xa4\xaa\xe6\x87\x92 \xe6\x9c\x88\xe5\x85\xa5 \xe6\x8e\xa8\xe8\x8d\x90 \xe8\xaf\xb4\xe5\x88\xb0\xe5\xba\x95'
129,怎么办，姐妹们，喜欢上了我的学生,b'\xe5\xb7\xa5\xe4\xbd\x9c \xe5\x8a\xa9\xe7\x90\x86 \xe7\xad\x94\xe8\xbe\xa9 \xe5\xad\xa6\xe7\x94\x9f \xe5\x96\x9c\xe6\xac\xa2 \xe7\x89\xb9\xe5\x88\xab \xe7\x9c\x9f\xe7\x9a\x84 \xe5\xa7\x90\xe5\xa6\xb9 \xe8\xbf\x90\xe5\x8a\xa8\xe4\xbc\x9a \xe5\xb0\x91\xe5\xa5\xb3'
130,生活的乐趣是什么,b'\xe8\x80\xb3\xe6\x9c\xb5 \xe7\xad\x94\xe6\xa1\x88 \xe5\x9d\x9a\xe5\xae\x9a \xe5\xbe\x88\xe4\xb9\x85\xe6\xb2\xa1 \xe9\x87\x8d\xe5\xbc\x80 \xe7\xa4\xbe\xe4\xba\xa4 \xe7\x83\xad\xe6\x83\x85 \xe6\x83\x85\xe7\xbb\xaa \xe9\x97\xae\xe9\xa2\x98 \xe4\xba\xba\xe7\x94\x9f'
131,克服拖延症的每一天,b'\xe7\x9b\xae\xe6\xa0\x87 \xe5\xb7\xa5\xe4\xbd\x9c \xe6\x89\xbe\xe5\x88\xb0 \xe6\xaf\x8f\xe9\x9a\x94 \xe8\xae\xba\xe6\x96\x87 \xe5\xae\x8c\xe6\x88\x90 \xe5\xae\x9e\xe4\xb9\xa0 \xe6\x8b\x96\xe5\xbb\xb6 \xe5\x85\x8b\xe6\x9c\x8d \xe5\xb0\x8f\xe6\x97\xb6'
132,22考研还有没开始的吗__,b'\xe8\xbf\x98\xe5\xae\x9a \xe6\x96\xb9\xe5\x90\x91'
133,不是比上不足比下有余,b'\xe6\x97\xa0\xe6\xb3\x95 \xe6\xaf\x94\xe4\xb8\x8b\xe6\x9c\x89\xe4\xbd\x99 \xe4\xbf\xa1\xe6\x81\xaf \xe8\xbf\x9c\xe8\xbf\x9c \xe6\xb5\x81\xe4\xbc\xa0 \xe4\xb8\x8b\xe5\xbf\x83 \xe4\xb8\x8d\xe8\xb6\xb3 \xe4\xb8\x8d\xe4\xb8\x8a \xe5\xb7\xae\xe8\xb7\x9d \xe9\x97\xae\xe9\xa2\x98'
134,想问马上大四的应届生想要考公的话应该怎么准备啊,b'\xe5\xba\x94\xe5\xb1\x8a\xe7\x94\x9f \xe5\xa4\x87\xe8\x80\x83 \xe8\x80\x83\xe5\x85\xac \xe5\xba\x94\xe8\xaf\xa5 \xe7\x9c\x8b\xe5\x88\xb0 \xe5\xa5\xbd\xe5\x83\x8f \xe5\xae\x9e\xe4\xb9\xa0 \xe9\x94\x99\xe8\xbf\x87 \xe4\xb8\x93\xe6\xb3\xa8 \xe6\x83\xb3\xe8\xa6\x81'
135,想问问回到家乡十八线小城市的朋友们是怎么脱单的,b'\xe9\x97\xae\xe9\x97\xae \xe8\x84\xb1\xe5\x8d\x95 \xe6\x9c\x8b\xe5\x8f\x8b \xe7\x9b\xb8\xe4\xba\xb2 \xe7\x83\xa6\xe8\xba\x81 \xe5\x82\xac\xe5\xbe\x97 \xe5\x82\xac\xe5\xa9\x9a \xe7\x84\xa6\xe8\x99\x91 \xe6\x80\x8e\xe6\xa0\xb7\xe6\x89\x8d\xe8\x83\xbd \xe5\x9b\x9e\xe5\xae\xb6'
136,一个人的毕业旅行地点求推荐,b'\xe6\xaf\x95\xe4\xb8\x9a \xe6\x97\x85\xe8\xa1\x8c \xe5\x9c\xb0\xe7\x82\xb9 \xe6\x8e\xa8\xe8\x8d\x90 \xe8\xbd\xac\xe8\xbd\xac \xe5\x85\x9c\xe5\x85\x9c \xe8\xbf\x8e\xe6\x9d\xa5 \xe5\x9c\xb0\xe6\x96\xb9'
137,盐城人才引进给的钱也太多了吧，硕士20w还有各种补贴,b'\xe5\xae\xb6\xe4\xb9\xa1 \xe7\xac\x94\xe8\xaf\x95 \xe4\xb8\x8d\xe7\x94\xa8 \xe5\xbc\x95\xe8\xbf\x9b \xe4\xba\xba\xe6\x89\x8d \xe9\x9d\xa2\xe8\xaf\x95 \xe6\x9c\x89\xe9\x92\xb1'
138,避雷天坑专业。不要读艺术史、艺术理论类专业。,b'\xe4\xb8\x93\xe4\xb8\x9a \xe8\x89\xba\xe6\x9c\xaf\xe5\x8f\xb2 \xe8\x89\xba\xe6\x9c\xaf \xe7\x90\x86\xe8\xae\xba \xe7\xa0\x94\xe7\xa9\xb6\xe7\x94\x9f \xe5\xad\xa6\xe5\xa6\xb9 \xe5\x93\xb2\xe5\xad\xa6 \xe5\x8e\x86\xe5\x8f\xb2\xe5\xad\xa6 \xe6\x88\x90\xe7\xbb\xa9 \xe8\xb6\x8a\xe6\x9d\xa5\xe8\xb6\x8a'
139,985天坑专业待业两年，首考上岸,b'\xe5\x8e\xbf\xe5\x9f\x8e \xe5\xae\xb6\xe4\xb9\xa1 \xe5\xa4\xa9\xe5\x9d\x91 \xe4\xb8\x93\xe4\xb8\x9a \xe7\x8e\xaf\xe6\x9d\x90 \xe5\xbe\x85\xe4\xb8\x9a \xe9\xa2\x84\xe4\xbc\xb0 \xe5\x8d\x95\xe4\xbd\x8d \xe5\x87\xba\xe7\x94\x9f \xe7\x94\x9f\xe5\x8c\x96'
140,不会做,b''
141,面试实习失败，怎么询问HR失败原因？,b'\xe9\x9d\xa2\xe8\xaf\x95 \xe5\xa4\xb1\xe8\xb4\xa5 \xe8\xa1\xa8\xe7\x8e\xb0 \xe5\xa7\x94\xe5\xa9\x89 \xe5\x9c\xb0\xe9\x97\xae \xe8\xaf\xa2\xe9\x97\xae \xe9\x9c\x80\xe8\xa6\x81 \xe7\xbb\x84\xe7\xbb\x87 \xe6\x8f\x90\xe5\x8d\x87 \xe8\xaf\x9d\xe6\x9c\xaf'
142,不想996/007的金融/经济five该何去何从,b'\xe5\xb7\xa5\xe4\xbd\x9c \xe6\x83\x85\xe5\x86\xb5 \xe9\x80\x89\xe6\x8b\xa9 \xe5\xb8\x8c\xe6\x9c\x9b \xe4\xba\x92\xe8\x81\x94\xe7\xbd\x91 \xe7\x9f\xa5\xe9\x81\x93 \xe5\x88\x9b\xe4\xbd\x9c \xe6\x84\x9f\xe8\xa7\x89 \xe4\xba\x86\xe8\xa7\xa3 \xe5\x8f\x91\xe5\xb1\x95'
143,hku暑校,b'\xe6\xb8\xaf\xe6\xa0\xa1 \xe9\x97\xae\xe9\x97\xae \xe7\xbb\x84\xe9\x87\x8c \xe6\x95\x8f\xe6\x84\x9f \xe4\xbc\xbc\xe4\xb9\x8e \xe6\x9c\x89\xe6\x97\xa0 \xe8\xae\xa8\xe8\xae\xba \xe6\x9a\x91\xe6\xa0\xa1 \xe6\x88\x90\xe5\x8a\x9f \xe5\x8f\x82\xe5\x8a\xa0'
144,工作快一年了，在一所事多钱少离家远的单位，太让人抑郁了__,b'\xe5\x8d\x95\xe4\xbd\x8d \xe7\x9c\x9f\xe7\x9a\x84 \xe6\x95\x99\xe5\xb8\x88 \xe7\xb2\xbe\xe7\xa5\x9e \xe9\x87\x8d\xe7\x82\xb9 \xe5\xad\xa6\xe6\xa0\xa1 \xe5\x9f\xba\xe7\xa1\x80 \xe5\x88\x9a\xe5\x88\x9a \xe4\xb8\x8b\xe7\x8f\xad \xe5\xa7\xbf\xe5\x8a\xbf'
145,专业分流，选会计还是信管,b'\xe4\xbf\xa1\xe7\xae\xa1 \xe4\xb8\x93\xe4\xb8\x9a \xe5\x87\x86\xe5\xa4\x87 \xe6\x84\x9f\xe8\xa7\x89 \xe8\xaf\xb7\xe9\x97\xae \xe5\x88\x86\xe6\xb5\x81 \xe4\xb8\x80\xe7\x9b\xb4 \xe5\xad\xa6\xe7\xa7\x91 \xe8\xbf\x87\xe8\x80\x83 \xe6\x89\x93\xe7\xae\x97'
146,文科生高考志愿专业选择,b'\xe4\xb8\x93\xe4\xb8\x9a \xe6\xb3\x95\xe5\xad\xa6 \xe9\xab\x98\xe8\x80\x83 \xe5\x80\xbe\xe5\x90\x91 \xe8\x80\x83\xe5\x85\xac \xe9\x97\xae\xe9\x97\xae \xe9\x80\x89\xe6\x8b\xa9 \xe5\xbf\x97\xe6\x84\xbf \xe7\x8f\x8d\xe6\x83\x9c \xe6\x88\xbf\xe5\xad\x90'
147,做题家们火到《经济学人》了,b'\xe7\xbb\x8f\xe6\xb5\x8e\xe5\xad\xa6 \xe5\xad\xa6\xe5\x88\xb0 \xe9\xa2\x98\xe5\xae\xb6 \xe6\x9c\x80\xe6\x96\xb0 \xe7\x81\xab\xe5\x88\xb0 \xe4\xb8\x80\xe6\x9c\x9f \xe5\x8d\x95\xe8\xaf\x8d'
148,hku暑校,b'\xe6\xb8\xaf\xe6\xa0\xa1 \xe9\x97\xae\xe9\x97\xae \xe7\xbb\x84\xe9\x87\x8c \xe6\x95\x8f\xe6\x84\x9f \xe4\xbc\xbc\xe4\xb9\x8e \xe6\x9c\x89\xe6\x97\xa0 \xe8\xae\xa8\xe8\xae\xba \xe6\x9a\x91\xe6\xa0\xa1 \xe6\x88\x90\xe5\x8a\x9f \xe5\x8f\x82\xe5\x8a\xa0'
149,工作快一年了，在一所事多钱少离家远的单位，太让人抑郁了__,b'\xe5\x8d\x95\xe4\xbd\x8d \xe7\x9c\x9f\xe7\x9a\x84 \xe6\x95\x99\xe5\xb8\x88 \xe7\xb2\xbe\xe7\xa5\x9e \xe9\x87\x8d\xe7\x82\xb9 \xe5\xad\xa6\xe6\xa0\xa1 \xe5\x9f\xba\xe7\xa1\x80 \xe5\x88\x9a\xe5\x88\x9a \xe4\xb8\x8b\xe7\x8f\xad \xe5\xa7\xbf\xe5\x8a\xbf'
150,专业分流，选会计还是信管,b'\xe4\xbf\xa1\xe7\xae\xa1 \xe4\xb8\x93\xe4\xb8\x9a \xe5\x87\x86\xe5\xa4\x87 \xe6\x84\x9f\xe8\xa7\x89 \xe8\xaf\xb7\xe9\x97\xae \xe5\x88\x86\xe6\xb5\x81 \xe4\xb8\x80\xe7\x9b\xb4 \xe5\xad\xa6\xe7\xa7\x91 \xe8\xbf\x87\xe8\x80\x83 \xe6\x89\x93\xe7\xae\x97'
151,文科生高考志愿专业选择,b'\xe4\xb8\x93\xe4\xb8\x9a \xe6\xb3\x95\xe5\xad\xa6 \xe9\xab\x98\xe8\x80\x83 \xe5\x80\xbe\xe5\x90\x91 \xe8\x80\x83\xe5\x85\xac \xe9\x97\xae\xe9\x97\xae \xe9\x80\x89\xe6\x8b\xa9 \xe5\xbf\x97\xe6\x84\xbf \xe7\x8f\x8d\xe6\x83\x9c \xe6\x88\xbf\xe5\xad\x90'
152,做题家们火到《经济学人》了,b'\xe7\xbb\x8f\xe6\xb5\x8e\xe5\xad\xa6 \xe5\xad\xa6\xe5\x88\xb0 \xe9\xa2\x98\xe5\xae\xb6 \xe6\x9c\x80\xe6\x96\xb0 \xe7\x81\xab\xe5\x88\xb0 \xe4\xb8\x80\xe6\x9c\x9f \xe5\x8d\x95\xe8\xaf\x8d'
153,能帮我看看这个offer该接吗,b'\xe9\x87\x91\xe8\x9e\x8d \xe6\x9c\x89\xe6\xb2\xa1\xe6\x9c\x89 \xe4\xba\x94\xe9\x99\xa9 \xe8\xb5\x84\xe4\xba\xa7 \xe7\xae\xa1\xe7\x90\x86 \xe5\x8a\xa0\xe7\x8f\xad \xe4\xb8\x80\xe9\x87\x91 \xe6\xaf\x95\xe4\xb8\x9a\xe7\x94\x9f \xe7\xa0\x94\xe7\xa9\xb6 \xe8\xba\xab\xe4\xbb\xbd'
154,扬州事业编,b'\xe9\x80\x82\xe5\x90\x88 \xe5\xa4\x96\xe5\x9c\xb0\xe4\xba\xba'
155,每天早起运动打卡贴,b'\xe9\x87\x8d\xe8\xa6\x81 \xe6\x96\xb9\xe6\xb3\x95 \xe8\xbf\x90\xe5\x8a\xa8 \xe6\x97\xa9\xe8\xb5\xb7 \xe7\x94\x9f\xe7\x90\x86 \xe5\xb8\xae\xe5\x8a\xa9 \xe5\xb7\xb2\xe7\xbb\x8f \xe5\x9d\x9a\xe6\x8c\x81 \xe6\x89\x93\xe5\x8d\xa1 \xe5\xbf\x83\xe7\x90\x86\xe5\x81\xa5\xe5\xba\xb7'
156,有些人天生就很会来事，做一分说十分；有些人天生就是闷葫芦...,b'\xe8\xaf\xbb\xe7\xa0\x94 \xe9\x97\xb7\xe8\x91\xab\xe8\x8a\xa6 \xe8\x80\x81\xe5\xb8\x88 \xe5\xa4\xa9\xe7\x94\x9f \xe7\xbb\x99\xe9\x92\xb1'
157,___22考研想考top2的uu吗 成立了一个学习小组我们互相监...,b'\xe8\x80\x83\xe7\xa0\x94 \xe5\xad\xa6\xe4\xb9\xa0 \xe5\x91\x8a\xe7\x9f\xa5 \xe8\xaf\x84\xe8\xae\xba \xe7\xa7\x81\xe8\x81\x8a \xe7\xac\xa6\xe5\x90\x88\xe8\xa6\x81\xe6\xb1\x82 \xe5\xb8\x8c\xe6\x9c\x9b \xe5\xb0\x8f\xe7\xbb\x84 \xe6\x8b\x9b\xe6\xbb\xa1 \xe4\xb8\xba\xe6\xad\xa2'
158,学生档案处理   求助,b'\xe5\xad\xa6\xe6\xa0\xa1 \xe6\xb1\x82\xe5\x8a\xa9 \xe5\xad\xa6\xe7\x94\x9f\xe6\xa1\xa3\xe6\xa1\x88 \xe6\x9c\x80\xe7\xbb\x88 \xe5\xba\x94\xe5\xb1\x8a\xe7\x94\x9f \xe6\xb4\xbe\xe9\x81\xa3 \xe9\x9c\x80\xe8\xa6\x81 \xe9\x97\xae\xe9\xa2\x98 \xe6\x89\x80\xe5\x9c\xa8\xe5\x9c\xb0 \xe8\x80\x83\xe8\x99\x91'
159,浙江省三位一体经验咨询,b'\xe5\x90\x8c\xe5\xad\xa6 \xe6\x98\xaf\xe5\x90\xa6 \xe8\x81\x94\xe7\xb3\xbb \xe4\xb8\x89\xe4\xbd\x8d\xe4\xb8\x80\xe4\xbd\x93 \xe7\xbb\x8f\xe9\xaa\x8c \xe5\xad\xa6\xe6\xa0\xa1 \xe6\x9c\x89\xe6\xb2\xa1\xe6\x9c\x89 \xe8\xaf\xb7\xe9\x97\xae \xe6\x8a\xb1\xe6\xad\x89 \xe7\x8f\x8d\xe6\x83\x9c'
160,怎么看待自己的学校在一直贬值,b'\xe5\xad\xa6\xe6\xa0\xa1 \xe4\xb8\x80\xe7\x9b\xb4 \xe6\x88\x90\xe6\x9e\x9c \xe8\x82\xa1\xe7\xa5\xa8 \xe7\xa7\x91\xe7\xa0\x94 \xe8\xb5\xb0\xe4\xb8\x8b\xe5\x9d\xa1\xe8\xb7\xaf \xe8\xb6\x8a\xe6\x9d\xa5\xe8\xb6\x8a \xe8\xaf\x84\xe5\xae\xa1 \xe6\x8a\x95\xe8\xb5\x84 \xe8\xb4\xac\xe5\x80\xbc'
161,想问下大家，人力资源这个专业就业怎么样,b'\xe5\xb0\xb1\xe4\xb8\x9a \xe8\x80\x83\xe8\x99\x91 \xe4\xbc\x9a\xe8\xae\xa1 \xe5\xba\x94\xe8\xaf\xa5 \xe4\xb8\x93\xe4\xb8\x9a \xe5\x90\x88\xe9\x80\x82 \xe4\xba\xa7\xe5\x93\x81 \xe9\x97\xae\xe9\xa2\x98 \xe8\xb4\xa2\xe7\xae\xa1 \xe5\x8a\xa0\xe7\x8f\xad'
162,投多个实习的uu怎么和愿意给offer的hr表达还需要考虑的？,b'\xe5\x85\xac\xe5\x8f\xb8 \xe5\xae\x9e\xe4\xb9\xa0 \xe5\xbe\x88\xe8\x96\x84 \xe7\x9c\x8b\xe5\xa5\xbd \xe8\xa7\x89\xe5\xbe\x97 \xe9\x9c\x80\xe8\xa6\x81 \xe5\xbe\x88\xe5\xbf\xab \xe8\xa6\x81\xe6\xb1\x82 \xe4\xb8\x8d\xe5\xa4\xaa\xe5\xa5\xbd \xe8\xa1\xa8\xe8\xbe\xbe'
163,想请问一下大家 仅考虑待遇发展的话 事业编中学老师跟市级党...,b'\xe4\xba\x8b\xe4\xb8\x9a \xe5\xb8\x82\xe7\xba\xa7 \xe5\xbe\x85\xe9\x81\x87 \xe5\x8f\x91\xe5\xb1\x95 \xe4\xb8\xad\xe5\xad\xa6\xe8\x80\x81\xe5\xb8\x88 \xe8\x80\x83\xe8\x99\x91 \xe5\x9d\x90\xe6\xa0\x87'
164,郊区98five的出路究竟在哪里呢？,b'\xe7\x88\xb6\xe4\xba\xb2 \xe7\xa7\x91\xe7\xa0\x94 \xe5\xb0\x8f\xe6\x97\xb6\xe5\x80\x99 \xe6\x96\xb9\xe9\x9d\xa2 \xe8\xbf\x87\xe8\x80\x83 \xe5\xae\xb6\xe5\xba\xad \xe6\xaf\x8d\xe4\xba\xb2 \xe5\x87\xba\xe8\xb7\xaf \xe5\x8d\xb1\xe6\x9c\xba \xe5\x87\xba\xe7\x8e\xb0'
165,“我独自生活”——记录睡/醒时间、学习时长等的一栋楼,b'\xe6\x97\xb6\xe9\x97\xb4 \xe8\xae\xb0\xe5\xbd\x95 \xe7\x84\xa6\xe8\x99\x91 \xe5\xbf\x83\xe6\x85\x8c \xe6\x97\xb6\xe9\x95\xbf \xe5\xad\xa6\xe4\xb9\xa0 \xe7\x94\x9f\xe6\xb4\xbb'
166,__b站偶然刷到高中的视频 睡不着了,b'\xe8\xa7\x86\xe9\xa2\x91 \xe9\xab\x98\xe4\xbd\x8d \xe6\x9c\xba\xe6\xa2\xb0 \xe6\x8e\xa5\xe7\x9b\x98 \xe5\x9c\x9f\xe6\x9c\xa8 \xe4\xb8\x93\xe4\xb8\x9a \xe5\x88\xb7\xe5\x88\xb0 \xe5\x81\xb6\xe7\x84\xb6 \xe8\x87\xb3\xe5\xb0\x91 \xe7\x9d\xa1\xe4\xb8\x8d\xe7\x9d\x80'
167,（悼文）我曾经目睹我们这一辈最优秀的年轻人是如何消亡的,b'\xe6\x97\xa0\xe6\xb3\x95 \xe5\xb8\x8c\xe6\x9c\x9b \xe6\x9c\x8b\xe5\x8f\x8b \xe5\x85\xac\xe5\x8f\xb8 \xe6\x9b\xbe\xe7\xbb\x8f \xe8\x83\xbd\xe5\xa4\x9f \xe6\xaf\x95\xe4\xb8\x9a\xe7\x94\x9f \xe8\xb1\x86\xe7\x93\xa3 \xe5\xbe\x97\xe5\x88\xb0 \xe4\xb8\x8d\xe5\x88\xb0'
168,工作以后觉得自己各个方面的能力都不如同事,b'\xe5\x90\x8c\xe4\xba\x8b \xe8\x83\xbd\xe5\x8a\x9b \xe5\xad\xa6\xe4\xb9\xa0 \xe5\xb7\xa5\xe4\xbd\x9c \xe8\xa7\x89\xe5\xbe\x97 \xe5\xba\x94\xe8\xaf\xa5 \xe7\x96\x91\xe6\x83\x91 \xe5\xad\xa6\xe5\x8e\x86 \xe6\x8a\x80\xe8\x83\xbd \xe9\xa2\x98\xe5\xae\xb6'
169,国企工作不到一年想跳槽,b'\xe5\xb7\xa5\xe4\xbd\x9c \xe6\x84\x9f\xe8\xa7\x89 \xe5\x85\xac\xe5\x8f\xb8 \xe8\xb7\xb3\xe6\xa7\xbd \xe4\xb8\x80\xe8\xbe\xb9 \xe8\xa7\x89\xe5\xbe\x97 \xe5\xbe\x97\xe5\x88\xb0 \xe6\xb7\xb7\xe6\x88\x90 \xe6\xb5\x81\xe7\xa8\x8b \xe5\xa4\x84\xe4\xba\x8e'
170,带的技校学生工资高的吓人，慕了慕了,b'\xe5\xad\xa6\xe7\x94\x9f \xe4\xbe\x9b\xe4\xb8\x8d\xe5\xba\x94\xe6\xb1\x82 \xe6\x8a\x80\xe6\xa0\xa1 \xe6\x83\xb3\xe8\xbd\xac \xe4\xbb\x8b\xe7\xbb\x8d \xe5\x8e\x82\xe9\x87\x8c \xe4\xba\x86\xe6\x85\x95 \xe5\xba\x95\xe8\x96\xaa \xe5\x90\x93\xe4\xba\xba \xe5\xb7\xa5\xe8\xb5\x84'
171,今天下午毕设答辩，我紧张得要流泪，稿子也记得磕磕巴巴,b'\xe7\xae\x80\xe5\x8d\x95 \xe6\xaf\x95\xe8\xae\xbe \xe5\xae\x9e\xe7\x8e\xb0 \xe6\xb5\x81\xe6\xb3\xaa \xe7\xb4\xa7\xe5\xbc\xa0 \xe6\x96\xb9\xe5\x90\x91 \xe8\xae\xba\xe6\x96\x87 \xe5\x9e\x83\xe5\x9c\xbe \xe5\xad\xa6\xe9\x95\xbf \xe7\x89\xb9\xe5\x88\xab'
172,或许会因为少一分选修课毕不了业,b'\xe9\x80\x89\xe4\xbf\xae\xe8\xaf\xbe \xe8\x80\x81\xe5\xb8\x88 \xe9\x80\x89\xe4\xbf\xae \xe5\xaf\xbc\xe8\x87\xb4 \xe5\xad\xa6\xe5\x88\x86 \xe6\x8b\x93\xe5\xb1\x95 \xe7\x9f\xa5\xe9\x81\x93 \xe4\xb8\x8d\xe5\xa4\x9f \xe6\x9d\x83\xe9\x99\x90 \xe7\xbb\x93\xe4\xb8\x9a'
173,底层家庭+gay/les+独生子女简直就是人生hard+模式对吧,b'\xe7\x88\xb6\xe6\xaf\x8d \xe5\xb7\xa5\xe4\xbd\x9c \xe7\x88\xb8\xe5\xa6\x88 \xe7\x94\x9f\xe6\xb4\xbb \xe6\x83\x85\xe5\x86\xb5 \xe5\x8f\x91\xe7\x8e\xb0 \xe4\xbf\x9d\xe5\xae\x88 \xe8\xbf\x87\xe6\x9d\xa5\xe4\xba\xba \xe4\xba\x92\xe5\x8a\xa9 \xe5\x82\xac\xe5\xa9\x9a'
174,组里彩虹__多吗,b'\xe6\x8a\x95\xe7\xa5\xa8 \xe9\x9a\x8f\xe6\x89\x8b \xe5\xbc\x95\xe8\xbf\x9b \xe8\xae\xa1\xe5\x88\x92 \xe6\x9f\xa5\xe7\x9c\x8b \xe5\xb0\x8f\xe7\xbb\x84 \xe7\x9c\x8b\xe5\x88\xb0 \xe5\x8a\xa0\xe5\x85\xa5 \xe6\x97\xa0\xe8\x81\x8a \xe6\x96\xb0\xe5\xb9\xb4\xe5\xbf\xab\xe4\xb9\x90'
175,大学没挂过科觉得自己临时抱佛脚抱的挺好的，结果,b'\xe8\xa7\x89\xe5\xbe\x97 \xe5\xae\x8c\xe7\xbe\x8e \xe5\xad\xa6\xe6\xa0\xa1 \xe7\x9f\xa5\xe9\x81\x93 \xe5\x91\x8a\xe8\xaf\x89 \xe9\x9a\xbe\xe8\xbf\x87 \xe6\x8a\xb1\xe4\xbd\x9b\xe8\x84\x9a \xe6\xb2\xa1\xe6\x8c\x82 \xe5\xa4\xa7\xe5\xad\xa6 \xe7\x9f\xab\xe6\x83\x85'
176,20届毕业生，二战失败，考公和事业编失败，现阶段我还能做些...,b'\xe5\xa4\xb1\xe8\xb4\xa5 \xe4\xba\x8c\xe6\x88\x98 \xe5\xb7\xa5\xe4\xbd\x9c \xe8\x80\x83\xe5\x85\xac \xe5\xbc\x95\xe8\xbf\x9b \xe4\xba\xba\xe6\x89\x8d \xe8\xba\xab\xe4\xbb\xbd \xe7\xbb\x8f\xe9\xaa\x8c \xe9\x9d\xa2\xe8\xaf\x95 \xe5\xba\x94\xe5\xb1\x8a\xe7\x94\x9f'
177,大胆开麦，码农没有社交到底是哪里来的洗脑包,b'\xe8\xa1\x8c\xe4\xb8\x9a \xe7\xa0\x81\xe5\x86\x9c \xe7\xa4\xbe\xe4\xba\xa4 \xe7\xa4\xbe\xe4\xbc\x9a \xe8\x81\x8c\xe4\xb8\x9a \xe6\x9c\x8b\xe5\x8f\x8b \xe8\xb4\xa2\xe5\xaf\x8c \xe7\xa4\xbe\xe4\xbc\x9a\xe5\x85\xb3\xe7\xb3\xbb \xe8\xbd\xac\xe8\xa1\x8c \xe7\xbe\xa4\xe4\xbd\x93'
178,底层家庭+gay/les+独生子女简直就是人生hard+模式对吧,b'\xe7\x88\xb6\xe6\xaf\x8d \xe5\xb7\xa5\xe4\xbd\x9c \xe7\x88\xb8\xe5\xa6\x88 \xe7\x94\x9f\xe6\xb4\xbb \xe6\x83\x85\xe5\x86\xb5 \xe5\x8f\x91\xe7\x8e\xb0 \xe4\xbf\x9d\xe5\xae\x88 \xe8\xbf\x87\xe6\x9d\xa5\xe4\xba\xba \xe4\xba\x92\xe5\x8a\xa9 \xe5\x82\xac\xe5\xa9\x9a'
179,组里彩虹__多吗,b'\xe6\x8a\x95\xe7\xa5\xa8 \xe9\x9a\x8f\xe6\x89\x8b \xe5\xbc\x95\xe8\xbf\x9b \xe8\xae\xa1\xe5\x88\x92 \xe6\x9f\xa5\xe7\x9c\x8b \xe5\xb0\x8f\xe7\xbb\x84 \xe7\x9c\x8b\xe5\x88\xb0 \xe5\x8a\xa0\xe5\x85\xa5 \xe6\x97\xa0\xe8\x81\x8a \xe6\x96\xb0\xe5\xb9\xb4\xe5\xbf\xab\xe4\xb9\x90'
180,大学没挂过科觉得自己临时抱佛脚抱的挺好的，结果,b'\xe8\xa7\x89\xe5\xbe\x97 \xe5\xae\x8c\xe7\xbe\x8e \xe5\xad\xa6\xe6\xa0\xa1 \xe7\x9f\xa5\xe9\x81\x93 \xe5\x91\x8a\xe8\xaf\x89 \xe9\x9a\xbe\xe8\xbf\x87 \xe6\x8a\xb1\xe4\xbd\x9b\xe8\x84\x9a \xe6\xb2\xa1\xe6\x8c\x82 \xe5\xa4\xa7\xe5\xad\xa6 \xe7\x9f\xab\xe6\x83\x85'
181,20届毕业生，二战失败，考公和事业编失败，现阶段我还能做些...,b'\xe5\xa4\xb1\xe8\xb4\xa5 \xe4\xba\x8c\xe6\x88\x98 \xe5\xb7\xa5\xe4\xbd\x9c \xe8\x80\x83\xe5\x85\xac \xe5\xbc\x95\xe8\xbf\x9b \xe4\xba\xba\xe6\x89\x8d \xe8\xba\xab\xe4\xbb\xbd \xe7\xbb\x8f\xe9\xaa\x8c \xe9\x9d\xa2\xe8\xaf\x95 \xe5\xba\x94\xe5\xb1\x8a\xe7\x94\x9f'
182,大胆开麦，码农没有社交到底是哪里来的洗脑包,b'\xe8\xa1\x8c\xe4\xb8\x9a \xe7\xa0\x81\xe5\x86\x9c \xe7\xa4\xbe\xe4\xba\xa4 \xe7\xa4\xbe\xe4\xbc\x9a \xe8\x81\x8c\xe4\xb8\x9a \xe6\x9c\x8b\xe5\x8f\x8b \xe8\xb4\xa2\xe5\xaf\x8c \xe7\xa4\xbe\xe4\xbc\x9a\xe5\x85\xb3\xe7\xb3\xbb \xe8\xbd\xac\xe8\xa1\x8c \xe7\xbe\xa4\xe4\xbd\x93'
183,有在央媒dang媒工作但是没有编制的哥哥姐姐嘛 能说说目前的工...,b'\xe5\xb7\xa5\xe4\xbd\x9c \xe5\xaa\x92\xe4\xbd\x93 \xe6\x8c\x81\xe6\x9c\x89 \xe4\xb8\x80\xe5\xae\x9a \xe8\xb5\xb0\xe6\x9c\xac \xe7\xbb\xa7\xe7\xbb\xad \xe7\xbc\x96\xe5\x88\xb6 \xe8\xb7\xaf\xe5\xbe\x84 \xe8\x81\x8c\xe4\xb8\x9a \xe5\x8f\x91\xe5\xb1\x95'
184,高等数学学不会,b'\xe9\x94\x99\xe4\xb8\x89\xe9\xa2\x98 \xe4\xba\x94\xe9\xa2\x98 \xe4\xb9\xa0\xe9\xa2\x98 \xe7\x9f\xa5\xe9\x81\x93'
185,/,b''
186,虽然是five组，但应该很少有人觉得自己是纯five吧！请来凡尔...,b'\xe5\xa4\xa7\xe5\xad\xa6 \xe6\x9c\x8b\xe5\x8f\x8b \xe5\xbe\x88\xe6\xa3\x92 \xe7\x9c\x9f\xe7\x9a\x84 \xe7\xbe\x8e\xe6\xbb\xa1 \xe6\x9e\x81\xe5\xb7\xae \xe7\xbb\x9f\xe7\xbb\x9f \xe4\xb8\x8d\xe5\x87\x86 \xe8\xa7\x89\xe5\xbe\x97 \xe9\xbb\x98\xe9\xbb\x98'
187,大家认为自己的人生是什么时候真正好起来的,b'\xe4\xba\xba\xe7\x94\x9f \xe6\x84\x9f\xe5\x8f\x97\xe4\xb8\x80\xe4\xb8\x8b \xe5\x96\x9c\xe6\x82\xa6 \xe8\xae\xa4\xe4\xb8\xba \xe7\x9c\x9f\xe6\xad\xa3'
188,是不是只有我还没工作啊,b'\xe5\xb7\xa5\xe4\xbd\x9c \xe5\xbe\x88\xe7\xa8\xb3 \xe7\xa7\x8d\xe7\xa7\x8d\xe5\x8e\x9f\xe5\x9b\xa0 \xe6\x9c\xac\xe7\x89\xa9 \xe7\x84\xa6\xe8\x99\x91 \xe6\x8a\x97\xe4\xba\x89 \xe7\x9c\x9f\xe7\x9a\x84 \xe5\xba\x94\xe5\xb1\x8a \xe5\x96\x9c\xe6\xac\xa2 \xe6\xb2\xa1\xe7\x94\xa8'
189,大一下目前是否应该休学,b'\xe4\xbc\x91\xe5\xad\xa6 \xe7\x8a\xb6\xe6\x80\x81 \xe5\xad\xa6\xe6\x9c\x9f \xe9\x99\xb7\xe5\x85\xa5 \xe9\x97\xae\xe9\xa2\x98 \xe5\xbb\xba\xe8\xae\xae \xe5\x92\xa8\xe8\xaf\xa2\xe5\xb8\x88 \xe6\x97\xa0\xe6\xb3\x95 \xe5\xb7\xb2\xe7\xbb\x8f \xe7\xb2\xbe\xe7\xa5\x9e'
190,去县城过渡还是留在wh私企,b'\xe5\x8e\xbf\xe5\x9f\x8e \xe8\x80\x83\xe5\x85\xac \xe5\x9b\x9e\xe5\xae\xb6 \xe5\x87\x86\xe5\xa4\x87 \xe5\x8c\xbb\xe5\xb8\x88 \xe8\xbf\x87\xe6\xb8\xa1 \xe5\x8c\xbb\xe5\xad\xa6 \xe6\x9c\x80\xe7\xbb\x88 \xe8\x82\xaf\xe5\xae\x9a \xe8\xb5\x84\xe6\xa0\xbc\xe8\xaf\x81'
191,有学社科想找实习或自救的five嘛,b'\xe5\xae\x9e\xe4\xb9\xa0 \xe7\xa4\xbe\xe7\xa7\x91 \xe6\x89\x93\xe5\xb9\xbf\xe5\x91\x8a \xe8\xbf\x9d\xe5\x8f\x8d \xe7\xbb\x84\xe8\xa7\x84 \xe5\xa4\xa7\xe5\xad\xa6 \xe8\xbf\x9b\xe7\xbe\xa4 \xe6\x83\xb3\xe8\xa6\x81 \xe4\xba\xa4\xe6\xb5\x81 \xe6\x9c\x89\xe5\xad\xa6'
192,我们有抗风险能力吗,b'\xe6\x84\x9f\xe8\xa7\x89 \xe5\x8f\x98\xe9\x9d\xa9 \xe6\x96\xb9\xe6\x96\xb9\xe9\x9d\xa2\xe9\x9d\xa2 \xe5\x8e\x9f\xe5\x9b\xa0 \xe5\x9b\xbd\xe5\xae\xb6 \xe9\xa3\x8e\xe9\x99\xa9 \xe8\x83\xbd\xe5\x8a\x9b \xe7\xa4\xbe\xe4\xbc\x9a \xe6\x9c\x89\xe5\xa4\xa7 \xe9\x99\x90\xe4\xba\x8e'
193,明天事业单位面试，今天走在去烫西装的路上被鸟拉了一泡屎在...,b'\xe5\xa5\x87\xe6\x80\xaa \xe4\xba\x86\xe4\xb8\x8a \xe7\x9c\xbc\xe7\xa5\x9e \xe7\xb2\x98\xe5\x88\xb0 \xe9\xa2\x84\xe7\xa4\xba \xe6\x98\xaf\xe4\xb8\x8d\xe6\x98\xaf \xe9\x9d\xa2\xe8\xaf\x95 \xe8\xa1\xa3\xe6\x9c\x8d \xe5\xae\x9e\xe4\xb9\xa0 \xe6\x83\xb3\xe8\xb5\xb7'
194,元气森林怎么样呀,b'\xe6\xa3\xae\xe6\x9e\x97 \xe9\x80\x82\xe5\x90\x88 \xe5\x85\x83\xe6\xb0\x94'
195,请问二战档案留校的话，还能在街道弄政审表吗？,b'\xe5\xad\xa6\xe6\xa0\xa1 \xe7\x95\x99\xe6\xa0\xa1 \xe6\xa1\xa3\xe6\xa1\x88 \xe6\x98\xaf\xe4\xb8\x8d\xe6\x98\xaf \xe6\x9c\x89\xe7\x82\xb9 \xe8\xa1\x97\xe9\x81\x93 \xe6\x94\xbf\xe5\xae\xa1 \xe7\xa6\xbb\xe5\xbe\x97 \xe5\x87\x86\xe5\xa4\x87 \xe5\x9b\x9e\xe5\xae\xb6'
196,（长文开坑）此外的少年,b'\xe6\x96\x87\xe5\xad\x97 \xe8\xa7\x89\xe5\xbe\x97 \xe5\xbc\x95\xe8\xa8\x80 \xe6\x96\xb9\xe5\xbc\x8f \xe4\xb9\x9f\xe8\xae\xb8 \xe5\x90\xa6\xe5\xae\x9a \xe5\xb0\x8f\xe8\xaf\xb4 \xe6\x8a\xb1\xe6\x80\xa8 \xe4\xbd\x9c\xe8\x80\x85 \xe5\x86\x99\xe4\xb8\x8b'
197,上海租房问题,b'\xe7\xa7\x9f\xe6\x88\xbf \xe6\x89\xbe\xe5\x88\xb0 \xe8\xb1\x86\xe7\x93\xa3 \xe4\xbf\xa1\xe6\x81\xaf \xe4\xb8\x8a\xe7\x8f\xad \xe6\xa0\x87\xe9\xa2\x98 \xe6\x88\xbf\xe6\xba\x90 \xe5\xba\x9f\xe7\x89\xa9 \xe6\xb1\x82\xe9\x97\xae \xe9\x97\xae\xe9\xa2\x98'
198,答辩的时候可以带资料吗__,b'\xe6\x8a\x80\xe6\x9c\xaf \xe7\x9f\xa5\xe9\x81\x93 \xe9\x97\xae\xe5\x88\xb0 \xe6\x9c\x89\xe7\x82\xb9\xe5\x83\x8f \xe8\x84\x91\xe8\xa2\x8b \xe7\xa9\xba\xe7\xa9\xba \xe6\x83\xb3\xe5\x86\x99 \xe6\x84\x9f\xe8\xa7\x89 \xe7\xad\x94\xe8\xbe\xa9 \xe5\xb8\xa6\xe4\xb8\x8a\xe5\x8e\xbb'
199,985新传准毕业，焦虑five自说自话自炖鸡汤的记录贴（大四中）,b'\xe5\xb7\xa5\xe4\xbd\x9c \xe5\xa4\xa7\xe5\xad\xa6 \xe6\x85\xa2\xe6\x85\xa2 \xe5\xad\xa6\xe6\xa0\xa1 \xe6\x89\x93\xe7\xae\x97 \xe5\x90\x8d\xe7\x89\x8c \xe9\xab\x98\xe8\x80\x83 \xe6\x97\xb6\xe9\x97\xb4 \xe8\xb5\xb0\xe8\xbf\x9b \xe7\x84\xa6\xe8\x99\x91'
200,有没有论文抽查不合格被撤销学位的,b'\xe8\xae\xba\xe6\x96\x87 \xe6\x8a\xbd\xe6\x9f\xa5 \xe5\xad\xa6\xe4\xbd\x8d \xe5\xb7\xb2\xe7\xbb\x8f \xe5\x90\x88\xe6\xa0\xbc \xe6\x92\xa4\xe9\x94\x80 \xe5\xbb\xb6\xe8\xbf\x9f \xe4\xba\x8b\xe5\x88\xb0\xe5\xa6\x82\xe4\xbb\x8a \xe5\x8d\x95\xe4\xbd\x8d \xe8\x80\x81\xe6\x9d\xbf'
201,98five们在高考后还经历过什么样的人生巅峰吗？,b'\xe7\xbb\x8f\xe5\x8e\x86 \xe4\xba\xba\xe7\x94\x9f \xe8\xb7\x8c\xe8\x90\xbd \xe5\x86\x8d\xe6\xac\xa1 \xe9\xab\x98\xe8\x80\x83 \xe5\xb7\x85\xe5\xb3\xb0'
202,怎样能调整作息呢？,b'\xe4\xbd\x9c\xe6\x81\xaf \xe7\x8a\xb6\xe6\x80\x81 \xe6\xb8\x85\xe9\x86\x92 \xe6\x95\x88\xe7\x8e\x87 \xe5\x81\x9a\xe4\xba\x8b \xe5\xbc\xba\xe8\xbf\xab \xe5\xa4\xa7\xe8\x84\x91 \xe6\x8b\x96\xe5\xbb\xb6 \xe5\xa4\x8d\xe5\x8f\x91 \xe6\x9c\x89\xe6\xb2\xa1\xe6\x9c\x89'
203,毕业论文查重越低越好吗,b'\xe6\xb1\x82\xe5\x8a\xa9 \xe6\x88\xaa\xe5\xb1\x8f \xe6\xaf\x95\xe4\xb8\x9a\xe8\xae\xba\xe6\x96\x87 \xe6\x9f\xa5\xe9\x87\x8d \xe5\xaf\xbc\xe5\xb8\x88 \xe5\x8f\xaa\xe8\x83\xbd \xe8\xbf\x9d\xe8\xa7\x84 \xe5\xaf\xb9\xe8\xaf\x9d'
204,想问一下从答辩后到正式离校期间还有什么流程吗？,b'\xe7\xad\x94\xe8\xbe\xa9 \xe6\x89\x8b\xe7\xbb\xad \xe5\x9b\x9e\xe5\xae\xb6 \xe5\xad\xa6\xe6\xa0\xa1 \xe5\x8a\x9e\xe7\x90\x86 \xe7\x9f\xa5\xe9\x81\x93 \xe7\xa6\xbb\xe6\xa0\xa1 \xe6\xb5\x81\xe7\xa8\x8b \xe7\xbb\x93\xe6\x9d\x9f'
205,大连理工的一个化学专硕的男生上吊自杀了，看着他，我觉得真...,b'\xe7\x9c\x8b\xe7\x9d\x80 \xe6\x83\xb3\xe7\x9d\x80 \xe4\xb8\x8a\xe5\xad\xa6 \xe4\xb8\x80\xe7\x9b\xb4 \xe7\x94\xb7\xe7\x94\x9f \xe5\x8c\x96\xe5\xad\xa6 \xe4\xb8\x93\xe7\xa1\x95 \xe7\x9c\x9f\xe7\x9a\x84 \xe5\x91\x8a\xe5\x88\xab \xe8\xa7\x89\xe5\xbe\x97'
206,当众发言总是让我非常非常紧张怎么办__,b'\xe5\xbd\x93\xe4\xbc\x97 \xe7\x9f\xa5\xe9\x81\x93 \xe5\x8f\x91\xe8\xa8\x80 \xe5\xae\xa1\xe6\xa0\xb8'
207,结业还是延毕,b'\xe5\xbb\xb6\xe6\xaf\x95 \xe5\x8d\x95\xe7\xa7\x91 \xe4\xbf\xae\xe5\xa4\x9f \xe9\x80\x9a\xe7\x9f\xa5 \xe5\x91\x8a\xe8\xaf\x89 \xe5\x8f\xaa\xe8\x83\xbd \xe7\x9c\x9f\xe7\x9a\x84 \xe4\xb8\x8d\xe6\x83\xb3 \xe9\xa2\x98\xe5\x86\x99 \xe6\xaf\x95\xe4\xb8\x9a\xe8\xaf\x81'
208,毕业论文查重越低越好吗,b'\xe6\xb1\x82\xe5\x8a\xa9 \xe6\x88\xaa\xe5\xb1\x8f \xe6\xaf\x95\xe4\xb8\x9a\xe8\xae\xba\xe6\x96\x87 \xe6\x9f\xa5\xe9\x87\x8d \xe5\xaf\xbc\xe5\xb8\x88 \xe5\x8f\xaa\xe8\x83\xbd \xe8\xbf\x9d\xe8\xa7\x84 \xe5\xaf\xb9\xe8\xaf\x9d'
209,想问一下从答辩后到正式离校期间还有什么流程吗？,b'\xe7\xad\x94\xe8\xbe\xa9 \xe6\x89\x8b\xe7\xbb\xad \xe5\x9b\x9e\xe5\xae\xb6 \xe5\xad\xa6\xe6\xa0\xa1 \xe5\x8a\x9e\xe7\x90\x86 \xe7\x9f\xa5\xe9\x81\x93 \xe7\xa6\xbb\xe6\xa0\xa1 \xe6\xb5\x81\xe7\xa8\x8b \xe7\xbb\x93\xe6\x9d\x9f'
210,大连理工的一个化学专硕的男生上吊自杀了，看着他，我觉得真...,b'\xe7\x9c\x8b\xe7\x9d\x80 \xe6\x83\xb3\xe7\x9d\x80 \xe4\xb8\x8a\xe5\xad\xa6 \xe4\xb8\x80\xe7\x9b\xb4 \xe7\x94\xb7\xe7\x94\x9f \xe5\x8c\x96\xe5\xad\xa6 \xe4\xb8\x93\xe7\xa1\x95 \xe7\x9c\x9f\xe7\x9a\x84 \xe5\x91\x8a\xe5\x88\xab \xe8\xa7\x89\xe5\xbe\x97'
211,当众发言总是让我非常非常紧张怎么办__,b'\xe5\xbd\x93\xe4\xbc\x97 \xe7\x9f\xa5\xe9\x81\x93 \xe5\x8f\x91\xe8\xa8\x80 \xe5\xae\xa1\xe6\xa0\xb8'
212,结业还是延毕,b'\xe5\xbb\xb6\xe6\xaf\x95 \xe5\x8d\x95\xe7\xa7\x91 \xe4\xbf\xae\xe5\xa4\x9f \xe9\x80\x9a\xe7\x9f\xa5 \xe5\x91\x8a\xe8\xaf\x89 \xe5\x8f\xaa\xe8\x83\xbd \xe7\x9c\x9f\xe7\x9a\x84 \xe4\xb8\x8d\xe6\x83\xb3 \xe9\xa2\x98\xe5\x86\x99 \xe6\xaf\x95\xe4\xb8\x9a\xe8\xaf\x81'
213,球球uu们帮忙填个待业家里蹲问卷好吗？非常感谢！自己也是个f...,b'\xe5\xbe\x85\xe4\xb8\x9a \xe4\xba\xba\xe7\xbe\xa4 \xe9\x97\xae\xe9\xa2\x98 \xe8\xb0\x83\xe7\xa0\x94 \xe5\xb8\xae\xe5\xbf\x99 \xe7\x9b\xb8\xe5\x85\xb3 \xe7\x90\x83\xe7\x90\x83 \xe9\x97\xae\xe5\x8d\xb7 \xe5\xa4\xb1\xe4\xb8\x9a'
214,为什么越来越多的985/211进入教育机构,b'\xe9\x93\xb6\xe8\xa1\x8c \xe6\x9c\x89\xe6\x97\xb6\xe5\x80\x99 \xe6\x98\xaf\xe4\xb8\x8d\xe6\x98\xaf \xe6\x9c\xba\xe6\x9e\x84 \xe6\x9b\xbe\xe7\xbb\x8f \xe5\xa4\x96\xe6\x94\xbe \xe7\xab\x9e\xe4\xba\x89 \xe6\x95\x99\xe8\x82\xb2 \xe6\x8b\xbf\xe5\x88\xb0 \xe9\x80\x89\xe6\x8b\xa9'
215,有本科倒霉蛋被抽中论文盲审吗？,b'\xe7\xad\x94\xe8\xbe\xa9 \xe7\x9b\xb2\xe5\xae\xa1 \xe6\x8a\xbd\xe5\x88\xb0 \xe5\x88\x86\xe4\xba\xab \xe6\x96\x87\xe7\x9b\xb2 \xe4\xb8\xad\xe8\xae\xba \xe5\x90\x8c\xe6\x84\x8f \xe5\x88\x86\xe4\xb8\xba \xe9\x9c\x87\xe6\x83\x8a \xe6\x8a\xbd\xe4\xb8\xad'
216,985本英硕，毕业即失业,b'\xe8\x96\xaa\xe6\xb0\xb4 \xe9\x9d\xa2\xe8\xaf\x95 \xe5\xb7\xa5\xe4\xbd\x9c \xe5\xae\x9e\xe4\xb9\xa0 \xe7\xbb\x8f\xe5\x8e\x86 \xe8\x83\x8c\xe6\x99\xaf \xe6\x8e\xa8\xe8\x8d\x90 \xe4\xb8\x93\xe4\xb8\x9a \xe5\x88\x86\xe6\x9e\x90 \xe5\x85\xa5\xe8\x81\x8c'
217,体制内小镇做题家咸鱼本five长帖记录，试验用这一生能不能靠...,b'\xe7\x94\x9f\xe6\xb4\xbb \xe5\xb0\x9d\xe8\xaf\x95 \xe6\x97\xb6\xe9\x97\xb4 \xe5\xb7\xa5\xe4\xbd\x9c \xe7\xb2\xbe\xe5\x8a\x9b \xe5\x8f\xaa\xe8\x83\xbd \xe5\xbc\x80\xe9\x94\x80 \xe5\xa4\xa7\xe5\xad\xa6 \xe6\x89\xa7\xe5\xbf\xb5 \xe5\xae\x9a\xe5\xb1\x85'
218,大家焦虑身体有什么反应,b'\xe8\xba\xab\xe4\xbd\x93 \xe7\x84\xa6\xe8\x99\x91 \xe5\x8f\x8d\xe5\xba\x94'
219,金融硕士的就业前景怎么样？,b'\xe9\x87\x91\xe8\x9e\x8d \xe7\xa1\x95\xe5\xa3\xab \xe7\x89\xb9\xe5\x88\xab \xe5\xad\xa6\xe6\xa0\xa1 \xe7\xae\x97\xe6\x98\xaf \xe5\xb0\xb1\xe4\xb8\x9a \xe5\xad\xa6\xe6\x9c\xaf \xe5\x90\xac\xe8\xaf\xb4 \xe7\xba\xa2\xe5\x88\xa9 \xe6\xb2\xa1\xe7\xa9\xba'
220,23考研专业咨询：马理论or法硕（非法本）,b'\xe4\xb8\x8d\xe6\x83\xb3 \xe5\x92\xa8\xe8\xaf\xa2 \xe4\xb8\x93\xe4\xb8\x9a \xe7\x9f\xa5\xe9\x81\x93 \xe6\xaf\x94\xe8\xbe\x83 \xe7\xa1\x95\xe5\xa3\xab \xe6\x84\x9f\xe5\x85\xb4\xe8\xb6\xa3 \xe8\x80\x83\xe7\xa0\x94 \xe7\x90\x86\xe8\xae\xba \xe9\x87\x91\xe8\x9e\x8d'
221,学校里的企业管理编如何,b'\xe4\xba\x8b\xe4\xb8\x9a \xe6\x95\x99\xe5\xb8\x88 \xe4\xbc\x81\xe4\xb8\x9a \xe6\x9c\x89\xe6\xb2\xa1\xe6\x9c\x89 \xe8\x80\x81\xe5\xb8\x88 \xe5\x90\x8c\xe5\xb7\xa5\xe5\x90\x8c\xe9\x85\xac \xe5\x85\xb7\xe4\xbd\x93 \xe7\xae\xa1\xe7\x90\x86 \xe8\x80\x83\xe5\x85\xac \xe6\x96\xb9\xe4\xbe\xbf'
222,985硕退学进行中(更新中),b'\xe5\xb7\xa5\xe4\xbd\x9c \xe5\xb7\xa5\xe7\xa7\x91 \xe6\xaf\x94\xe8\xbe\x83 \xe4\xbc\xa0\xe7\xbb\x9f \xe4\xb8\x93\xe4\xb8\x9a \xe5\xad\xa6\xe7\xa7\x91 \xe5\xbf\xbd\xe7\x95\xa5\xe4\xb8\x8d\xe8\xae\xa1 \xe9\x80\x80\xe5\xad\xa6 \xe5\xbe\x88\xe5\xb0\x8f \xe6\x9d\xa1\xe4\xbb\xb6'
223,来杭州点了一年的钱,b'\xe6\x9c\x89\xe6\xb2\xa1\xe6\x9c\x89 \xe5\xaf\x82\xe5\xaf\x9e \xe5\xb7\xa5\xe4\xbd\x9c \xe8\xbd\xac\xe8\xb4\xa6 \xe5\x85\xac\xe5\x8a\xa1\xe5\x91\x98 \xe6\x9f\x9c\xe5\x91\x98 \xe8\xb7\xb3\xe5\x87\xba \xe7\x94\x9f\xe7\x89\xa9 \xe4\xb8\x8b\xe7\x8f\xad \xe6\x94\xb9\xe5\x8f\x98'
224,十面九拒剩下一个被毁约，20届five的挣扎之旅,b'\xe6\x9c\x8b\xe5\x8f\x8b \xe5\xad\xa6\xe6\xa0\xa1 \xe7\xbb\x8f\xe5\x8e\x86 \xe5\x85\xac\xe5\x8f\xb8 \xe5\xbe\x97\xe5\x88\xb0 \xe6\x88\x90\xe4\xb8\xba \xe5\xb7\xa5\xe4\xbd\x9c \xe7\xbb\xa7\xe7\xbb\xad \xe5\xae\x9e\xe4\xb9\xa0 \xe6\x84\x8f\xe4\xb9\x89'
225,可以在组里求一个《环境监测》的pdf嘛？（已求到，申删谢谢）,b'\xe7\x94\xb3\xe5\x88\xa0 \xe6\xa5\xbc\xe4\xb8\xbb \xe6\x9c\x8b\xe5\x8f\x8b \xe7\x9f\xa5\xe9\x81\x93 \xe6\x9c\x89\xe6\xb2\xa1\xe6\x9c\x89 \xe6\x84\x9f\xe6\x81\xa9 \xe7\xbb\x84\xe9\x87\x8c\xe6\xb1\x82 \xe7\x8e\xaf\xe5\xa2\x83\xe7\x9b\x91\xe6\xb5\x8b \xe5\x88\x86\xe4\xba\xab \xe8\xb5\x84\xe6\xba\x90'
226,疫情，怎么又是你__,b'\xe5\xb7\xa5\xe4\xbd\x9c \xe7\x9f\xa5\xe9\x81\x93 \xe6\x96\x87\xe7\xab\xa0 \xe5\xad\xa6\xe6\xa0\xa1 \xe5\xaf\xbc\xe5\xb8\x88 \xe7\xa0\x94\xe7\xa9\xb6 \xe5\xae\x9e\xe7\x8e\xb0 \xe7\xbc\x96\xe7\xa8\x8b \xe8\x80\x81\xe6\x9d\xbf \xe8\xaf\xbb\xe7\xa0\x94'
227,直接这么写明...这河狸吗...金融真是 卷生卷死,b'\xe6\xb2\xb3\xe7\x8b\xb8 \xe7\x94\x9f\xe5\x8d\xb7 \xe9\x87\x91\xe8\x9e\x8d \xe7\x9c\x9f\xe6\x98\xaf \xe5\xb0\x8f\xe6\x97\xb6 \xe5\xb7\xa5\xe4\xbd\x9c\xe5\x88\xb6 \xe5\x86\x99\xe6\x98\x8e'
228,麻烦大家帮忙填个问卷好吗,b'\xe9\x97\xae\xe5\x8d\xb7 \xe5\xa5\xbd\xe5\xbf\x83 \xe8\xb0\x83\xe6\x9f\xa5 \xe4\xba\xba\xe4\xbb\xac \xe5\xb8\xae\xe5\xbf\x99'
229,月薪五千。。。,b'\xe5\xad\xa6\xe7\x94\x9f \xe7\x8e\xb0\xe7\x8a\xb6 \xe6\x97\xb6\xe9\x97\xb4 \xe5\xb0\x8f\xe6\x97\xb6 \xe5\x89\xa9\xe4\xb8\x8b \xe8\xae\xb2\xe9\xa2\x98 \xe8\x87\xaa\xe7\x94\xb1 \xe5\xb7\xa5\xe4\xbd\x9c \xe6\x89\x8b\xe6\x9c\xba \xe6\x9b\xb4\xe6\x96\xb0'
230,6.4更新被辅导员通知今年开始体测卡毕业了/好像真的要因为体...,b'\xe8\x80\x81\xe5\xb8\x88 \xe5\x9b\x9e\xe6\x9d\xa5 \xe4\xb8\x8d\xe5\x88\xb0 \xe8\xbe\x85\xe5\xaf\xbc\xe5\x91\x98 \xe4\xb8\x8a\xe7\x8f\xad \xe6\xaf\x95\xe4\xb8\x9a \xe7\x9c\x9f\xe7\x9a\x84 \xe5\xb7\xb2\xe7\xbb\x8f \xe5\x81\x9a\xe5\x88\xb0 \xe6\x89\x93\xe7\x94\xb5\xe8\xaf\x9d'
231,如果当初读了研，现在境况会不会好很多,b'\xe7\xa8\xb3\xe5\xae\x9a \xe5\xa5\x97\xe8\xb7\xaf \xe5\xb7\xa5\xe4\xbd\x9c \xe4\xba\x8b\xe4\xb8\x9a\xe5\x8d\x95\xe4\xbd\x8d \xe5\x85\xac\xe5\x91\x8a \xe6\xb2\xa1\xe7\x94\xa8 \xe4\xba\x94\xe9\x99\xa9 \xe6\x9c\xac\xe7\xa7\x91\xe5\xad\xa6\xe5\x8e\x86 \xe5\xa4\xb1\xe4\xb8\x9a \xe5\x9c\xb0\xe5\x8d\xa1'
232,听说今年湖南理科状元是16届的榜眼（本人在楼里）,b'\xe9\x80\x80\xe5\xad\xa6 \xe6\xb2\xa1\xe6\x9c\x89\xe5\x8b\x87\xe6\xb0\x94 \xe8\xa7\x89\xe5\xbe\x97 \xe5\xbf\x98\xe5\x85\xb3 \xe6\x92\x9e\xe7\xa0\xb4 \xe4\xb8\x80\xe5\xb9\xb6 \xe5\xb0\xb4\xe5\xb0\xac \xe8\xa2\xab\xe5\x8a\xa8 \xe8\x87\xb3\xe4\xbb\x8a \xe6\x83\xb3\xe6\xb3\x95'
233,文科转码，组里uu们出个建议,b'\xe5\x87\x86\xe5\xa4\x87 \xe6\x96\x87\xe7\xa7\x91 \xe6\x94\xbf\xe7\xad\x96 \xe8\xbd\xac\xe8\xa1\x8c \xe6\x84\x9f\xe5\x85\xb4\xe8\xb6\xa3 \xe5\xae\x9e\xe4\xb9\xa0 \xe4\xba\x92\xe8\x81\x94\xe7\xbd\x91 \xe7\x95\x99\xe5\xad\xa6 \xe7\xa0\x94\xe7\xa9\xb6 \xe5\xad\xa6\xe4\xb9\xa0'
234,30岁老哥目睹今日之内卷,b'\xe5\xb7\xa5\xe4\xbd\x9c \xe5\xb9\xb4\xe8\xbd\xbb\xe4\xba\xba \xe6\x8b\x85\xe5\xbf\x83 \xe6\xa0\xb9\xe6\x9c\xac \xe7\x9c\x9f\xe7\x9a\x84 \xe8\x80\x81\xe5\x93\xa5 \xe7\x9c\x8b\xe4\xb9\xa6 \xe8\xaf\x95\xe9\x94\x99 \xe4\xb8\x8b\xe7\x8f\xad \xe5\x8f\xaa\xe8\x83\xbd'
235,98five却心气很高的我,b'\xe4\xba\xb2\xe6\x88\x9a \xe5\xa4\xa7\xe5\x8e\x82 \xe5\xb7\xa5\xe4\xbd\x9c \xe4\xb8\x8d\xe8\x82\xaf \xe7\x94\xb5\xe9\x9d\xa2 \xe8\xa7\x89\xe5\xbe\x97 \xe6\x8b\x9b\xe4\xba\xba \xe5\xb7\xb2\xe7\xbb\x8f \xe5\xb2\x97\xe4\xbd\x8d \xe6\x9c\x8b\xe5\x8f\x8b'
236,如果为了逃避工作的话，要不要选择读博,b'\xe5\xb7\xa5\xe4\xbd\x9c \xe7\x94\x9f\xe6\xb4\xbb \xe5\x90\x8e\xe5\x8f\xb0 \xe5\x91\x9c\xe5\x91\x9c \xe5\x89\xaf\xe4\xb8\x9a \xe8\x80\x83\xe5\x85\xac \xe8\xbe\x9e\xe8\x81\x8c \xe5\xb7\xa5\xe8\xb5\x84 \xe5\xaf\xbc\xe5\xb8\x88 \xe7\x9c\x9f\xe7\x9a\x84'
237,外交部行政司公开遴选和选调,b'\xe5\xa5\xb3\xe7\x94\x9f \xe7\xae\xa1\xe7\x90\x86 \xe5\xb7\xa5\xe7\xa8\x8b \xe8\x80\x83\xe5\x8d\xa1 \xe8\xa1\x8c\xe6\x94\xbf \xe9\x81\xb4\xe9\x80\x89 \xe4\xb8\xa5\xe9\x87\x8d \xe6\x98\xaf\xe5\x90\xa6\xe6\x98\xaf \xe9\x80\x89\xe8\xb0\x83 \xe5\x87\xba\xe8\xb7\xaf'
238,文科转码，组里uu们出个建议,b'\xe5\x87\x86\xe5\xa4\x87 \xe6\x96\x87\xe7\xa7\x91 \xe6\x94\xbf\xe7\xad\x96 \xe8\xbd\xac\xe8\xa1\x8c \xe6\x84\x9f\xe5\x85\xb4\xe8\xb6\xa3 \xe5\xae\x9e\xe4\xb9\xa0 \xe4\xba\x92\xe8\x81\x94\xe7\xbd\x91 \xe7\x95\x99\xe5\xad\xa6 \xe7\xa0\x94\xe7\xa9\xb6 \xe5\xad\xa6\xe4\xb9\xa0'
239,30岁老哥目睹今日之内卷,b'\xe5\xb7\xa5\xe4\xbd\x9c \xe5\xb9\xb4\xe8\xbd\xbb\xe4\xba\xba \xe6\x8b\x85\xe5\xbf\x83 \xe6\xa0\xb9\xe6\x9c\xac \xe7\x9c\x9f\xe7\x9a\x84 \xe8\x80\x81\xe5\x93\xa5 \xe7\x9c\x8b\xe4\xb9\xa6 \xe8\xaf\x95\xe9\x94\x99 \xe4\xb8\x8b\xe7\x8f\xad \xe5\x8f\xaa\xe8\x83\xbd'
240,98five却心气很高的我,b'\xe4\xba\xb2\xe6\x88\x9a \xe5\xa4\xa7\xe5\x8e\x82 \xe5\xb7\xa5\xe4\xbd\x9c \xe4\xb8\x8d\xe8\x82\xaf \xe7\x94\xb5\xe9\x9d\xa2 \xe8\xa7\x89\xe5\xbe\x97 \xe6\x8b\x9b\xe4\xba\xba \xe5\xb7\xb2\xe7\xbb\x8f \xe5\xb2\x97\xe4\xbd\x8d \xe6\x9c\x8b\xe5\x8f\x8b'
241,如果为了逃避工作的话，要不要选择读博,b'\xe5\xb7\xa5\xe4\xbd\x9c \xe7\x94\x9f\xe6\xb4\xbb \xe5\x90\x8e\xe5\x8f\xb0 \xe5\x91\x9c\xe5\x91\x9c \xe5\x89\xaf\xe4\xb8\x9a \xe8\x80\x83\xe5\x85\xac \xe8\xbe\x9e\xe8\x81\x8c \xe5\xb7\xa5\xe8\xb5\x84 \xe5\xaf\xbc\xe5\xb8\x88 \xe7\x9c\x9f\xe7\x9a\x84'
242,外交部行政司公开遴选和选调,b'\xe5\xa5\xb3\xe7\x94\x9f \xe7\xae\xa1\xe7\x90\x86 \xe5\xb7\xa5\xe7\xa8\x8b \xe8\x80\x83\xe5\x8d\xa1 \xe8\xa1\x8c\xe6\x94\xbf \xe9\x81\xb4\xe9\x80\x89 \xe4\xb8\xa5\xe9\x87\x8d \xe6\x98\xaf\xe5\x90\xa6\xe6\x98\xaf \xe9\x80\x89\xe8\xb0\x83 \xe5\x87\xba\xe8\xb7\xaf'
243,让我看看是谁在自杀式拖延,b'\xe8\x87\xaa\xe6\x9d\x80\xe5\xbc\x8f \xe6\x8b\x96\xe5\xbb\xb6 \xe7\x9c\x8b\xe7\x9c\x8b \xe5\x8e\x9f\xe6\x9d\xa5'
244,申请删帖,b'\xe4\xb8\x96\xe7\x95\x8c \xe5\xb9\xb4\xe8\xbd\xbb\xe4\xba\xba \xe5\xae\xa2\xe8\xa7\x82 \xe5\xb9\xb4\xe9\xbe\x84 \xe4\xba\x86\xe8\xa7\xa3 \xe8\xa7\x82\xe5\xbf\xb5 \xe5\x86\xb2\xe7\xaa\x81 \xe8\xa1\xa8\xe7\x8e\xb0 \xe7\x9b\xb4\xe7\x99\xbd \xe5\xb7\xa5\xe4\xbd\x9c'
245,有没有拿不到暑期实习offer的友友们,b'\xe5\xae\x9e\xe4\xb9\xa0 \xe4\xb8\x8d\xe5\x88\xb0 \xe6\x8a\x80\xe6\x9c\xaf \xe8\xae\xa1\xe7\xae\x97\xe6\x9c\xba\xe7\x9b\xb8\xe5\x85\xb3 \xe5\x85\xac\xe5\x8f\xb8 \xe4\xb8\x93\xe4\xb8\x9a \xe4\xba\x92\xe8\x81\x94\xe7\xbd\x91 \xe6\x9c\x89\xe6\xb2\xa1\xe6\x9c\x89 \xe9\x9d\xa2\xe8\xaf\x95 \xe7\x84\xa6\xe8\x99\x91'
246,西交计算机专硕怎么样哇！求解答～,b'\xe5\xad\xa6\xe6\xa0\xa1 \xe8\xae\xa1\xe7\xae\x97\xe6\x9c\xba \xe5\xb0\xb1\xe4\xb8\x9a \xe5\xb0\xb1\xe8\xaf\xbb \xe4\xbd\x93\xe9\xaa\x8c \xe6\x88\x90\xe7\x94\xb5 \xe8\xae\xb2\xe8\xae\xb2 \xe4\xb8\x93\xe7\xa1\x95 \xe6\x83\x85\xe5\x86\xb5 \xe8\xa5\xbf\xe4\xba\xa4'
247,为什么学会计这么痛苦啊！,b'\xe4\xbc\x9a\xe8\xae\xa1 \xe7\xbc\x96\xe7\xa8\x8b \xe6\xaf\x95\xe4\xb8\x9a \xe4\xbc\xb0\xe8\xae\xa1 \xe6\x95\xb0\xe5\xad\xa6 \xe6\x8a\x80\xe8\x83\xbd \xe5\x8f\xaa\xe8\x83\xbd \xe5\x95\x86\xe7\xa7\x91 \xe4\xba\xa7\xe7\x94\x9f \xe8\xa7\xa3\xe5\x86\xb3'
248,毕业多年的大家来分享下自己走过的弯路吧,b'\xe5\xb7\xa5\xe4\xbd\x9c \xe5\xa4\xa7\xe5\xad\xa6 \xe8\x81\x8c\xe5\x9c\xba \xe7\x9e\x8e\xe7\x90\xa2\xe7\xa3\xa8 \xe9\xab\x98\xe7\x82\xb9 \xe5\xbc\xaf\xe8\xb7\xaf \xe9\x80\x89\xe6\x8b\xa9 \xe8\xaf\x95\xe9\x94\x99 \xe8\xae\xba\xe5\x9d\x9b \xe8\xae\xa1\xe5\x88\x92'
249,调剂然后厌学然后满脑子混毕业,b'\xe4\xb8\x93\xe4\xb8\x9a \xe8\xb0\x83\xe5\x89\x82 \xe8\xaf\xbe\xe9\xa2\x98\xe7\xbb\x84 \xe5\x8f\x8d\xe6\xad\xa3 \xe6\xaf\x95\xe4\xb8\x9a \xe9\x80\x9a\xe7\x9f\xa5 \xe6\xbb\xa1\xe8\x84\x91\xe5\xad\x90 \xe4\xb8\xa7\xe5\x88\xb0 \xe5\xa4\xa9\xe5\x9d\x91 \xe7\xa6\xbb\xe5\xbc\x80'
250,__全寝室只有我一个莫得暑期实习,b'\xe5\xae\x9e\xe4\xb9\xa0 \xe4\xba\xba\xe4\xbb\xac \xe6\x89\xbe\xe5\x88\xb0 \xe8\xaf\xb4\xe5\xae\x9e\xe8\xaf\x9d \xe7\xa0\xb4\xe9\x98\xb2 \xe5\x85\xac\xe5\x8f\xb8 \xe5\xa4\xa7\xe5\x8e\x82 \xe5\x85\xb3\xe7\xb3\xbb \xe8\x83\xbd\xe5\x8a\x9b \xe5\xaf\x9d\xe5\xae\xa4'
251,uu们，第一次找互联网运营是不是先去小厂啊,b'\xe8\xbf\x90\xe8\x90\xa5 \xe5\xae\x9e\xe4\xb9\xa0 \xe5\xad\xa6\xe6\xa0\xa1 \xe4\xba\x92\xe8\x81\x94\xe7\xbd\x91 \xe8\x81\x94\xe7\xb3\xbb \xe6\xb2\xa1\xe4\xba\xba \xe7\x94\xb5\xe8\xaf\x9d \xe7\xa4\xbe\xe7\xbe\xa4 \xe7\xbb\x8f\xe9\xaa\x8c\xe4\xb8\xb0\xe5\xaf\x8c \xe9\x94\xbb\xe7\x82\xbc'
252,希望大家给点意见，四川电信省公司营销管理岗vs优衣库umc管培...,b'\xe5\xb7\xa5\xe4\xbd\x9c \xe7\x94\xb5\xe4\xbf\xa1 \xe5\x8f\x91\xe5\xb1\x95 \xe4\xb8\x80\xe8\xbe\xb9 \xe4\xbc\x98\xe8\xa1\xa3 \xe7\xbc\xba\xe7\x82\xb9 \xe4\xbc\x98\xe7\x82\xb9 \xe9\x97\xa8\xe5\xba\x97 \xe8\x90\xa5\xe9\x94\x80 \xe7\xae\xa1\xe7\x90\x86'
253,删,b''
254,被卷王同学给卷了,b'\xe4\xb8\x8a\xe5\xad\xa6 \xe6\x8e\xa5\xe5\x8f\x97 \xe6\xad\xbb\xe4\xba\xba \xe5\x90\x8c\xe5\xad\xa6 \xe8\x80\x83\xe8\xaf\x81 \xe5\xae\x9e\xe4\xb9\xa0 \xe9\x87\x91\xe8\x9e\x8d\xe4\xb8\x9a \xe6\x94\xb9\xe5\x8f\x98 \xe5\xb0\xb1\xe8\xa6\x81 \xe5\xad\xa6\xe4\xbc\x9a'
255,毕业典礼有必要参加吗？,b'\xe5\x8f\x82\xe5\x8a\xa0 \xe7\xa6\xbb\xe5\xbc\x80 \xe6\xaf\x95\xe4\xb8\x9a\xe5\x85\xb8\xe7\xa4\xbc \xe5\xb9\xb2\xe4\xbb\x80\xe4\xb9\x88 \xe5\x9b\x9e\xe5\xae\xb6 \xe5\xbf\x85\xe8\xa6\x81 \xe5\xb0\xb1\xe8\xa6\x81 \xe5\x85\xa5\xe8\x81\x8c \xe7\x9f\xa5\xe9\x81\x93 \xe6\xa5\xbc\xe4\xb8\xbb'
256,感觉亲人完全不能给自己提供任何情绪上的正面价值,b'\xe5\xba\x94\xe8\xaf\xa5 \xe5\x85\xac\xe5\x8a\xa1\xe5\x91\x98 \xe7\x88\xb6\xe6\xaf\x8d \xe5\xa7\x91\xe5\xa6\x88 \xe5\xb9\xb4\xe9\xbe\x84 \xe4\xba\x8c\xe6\x88\x98 \xe5\xa7\xa8\xe5\xa6\x88 \xe5\xad\xa6\xe6\xa0\xa1 \xe4\xb8\x8d\xe6\x83\xb3 \xe4\xba\xba\xe7\x94\x9f'
257,大家有什么业余爱好吗,b'\xe6\x97\xb6\xe9\x97\xb4 \xe6\x97\xa5\xe5\xad\x90 \xe6\xa0\xb9\xe6\x9c\xac \xe8\x80\x83\xe5\x89\x8d \xe5\x85\xb4\xe8\xb6\xa3\xe7\x88\xb1\xe5\xa5\xbd \xe5\xad\xa6\xe4\xb9\xa0 \xe4\xb8\x8d\xe6\x83\xb3 \xe6\x8a\xb1\xe4\xbd\x9b\xe8\x84\x9a \xe6\xb6\x88\xe9\x81\xa3 \xe4\xb8\x9a\xe4\xbd\x99\xe7\x88\xb1\xe5\xa5\xbd'
258,商科five求教考研择校问题,b'\xe8\x80\x83\xe7\xa0\x94 \xe6\x8b\xa9\xe6\xa0\xa1 \xe5\xb0\xb1\xe4\xb8\x9a \xe8\xaf\xb7\xe6\x95\x99 \xe5\x95\x86\xe7\xa7\x91 \xe7\x9f\xa5\xe9\x81\x93 \xe5\x88\xb8\xe5\x95\x86 \xe5\xba\x94\xe8\xaf\xa5 \xe7\x8e\xaf\xe5\xa2\x83 \xe8\xbf\x9b\xe4\xb8\x8d\xe4\xba\x86'
259,大家毕业证都啥时候发，答辩过了几天能发,b'\xe5\x9b\x9e\xe5\xae\xb6 \xe5\x91\x90\xe5\x96\x8a \xe6\x9d\xa5\xe8\x87\xaa \xe5\xbf\xab\xe7\x82\xb9 \xe6\xaf\x95\xe4\xb8\x9a\xe5\x85\xb8\xe7\xa4\xbc \xe5\xad\xa6\xe9\x99\xa2 \xe5\x8f\xaf\xe8\xa1\x8c'
260,友友们学校要填灵活就业表但是我没有单位怎么办,b'\xe7\x81\xb5\xe6\xb4\xbb \xe5\xb0\xb1\xe4\xb8\x9a \xe9\x9c\x80\xe8\xa6\x81 \xe5\xad\xa6\xe6\xa0\xa1 \xe5\x8d\x95\xe4\xbd\x8d \xe5\xb7\xa5\xe4\xbd\x9c \xe5\x8f\x8b\xe5\x8f\x8b'
261,记录宿舍朋友寡疯了的日常 不定期更新,b'\xe5\xae\xbf\xe8\x88\x8d \xe8\xb0\x88\xe6\x81\x8b\xe7\x88\xb1 \xe5\xb9\xbd\xe9\xbb\x98 \xe9\xa5\xa5\xe6\xb8\xb4 \xe6\x9c\x8b\xe5\x8f\x8b \xe5\xbe\x81\xe5\xbe\x97 \xe6\x9b\xb4\xe6\x96\xb0 \xe5\xa7\x91\xe5\xa8\x98 \xe7\x9b\xae\xe7\x9a\x84 \xe8\xb9\xa6\xe5\x87\xba\xe6\x9d\xa5'
262,天津末流985机械专业，大一转专业失败，要退学复读吗,b'\xe6\x9c\xba\xe6\xa2\xb0 \xe4\xb8\x93\xe4\xb8\x9a \xe5\xa5\xb3\xe7\x94\x9f \xe9\x80\x80\xe5\xad\xa6 \xe5\x8f\x8b\xe5\x8f\x8b \xe7\x9c\x8b\xe5\x88\xb0 \xe5\xb0\xb1\xe4\xb8\x9a \xe5\xa4\x8d\xe8\xaf\xbb \xe6\xa5\xbc\xe4\xb8\xbb \xe5\xa4\xb1\xe8\xb4\xa5'
263,失业-再就业-跳槽：天助自助的five是真的～,b'\xe9\x9d\xa2\xe8\xaf\x95 \xe7\x9c\x9f\xe7\x9a\x84 \xe5\xa4\xb1\xe4\xb8\x9a \xe6\xb4\xbb\xe5\x8a\xa8 \xe5\x86\x8d\xe4\xb9\x9f \xe6\x80\xbb\xe8\x83\xbd \xe9\x81\x93\xe9\x98\xbb \xe6\x9c\x8b\xe5\x8f\x8b \xe6\xb2\xa1\xe5\x85\xb3\xe7\xb3\xbb \xe6\x9c\xba\xe4\xbc\x9a'
264,无意冒犯,b'\xe4\xba\xb2\xe4\xba\xba \xe5\x86\x92\xe7\x8a\xaf \xe6\x97\xa0\xe6\x84\x8f \xe6\x8a\x91\xe9\x83\x81 \xe5\x88\x86\xe8\xa3\x82 \xe7\xbb\x93\xe6\x9d\x9f \xe5\x87\x86\xe5\xa4\x87 \xe4\xb8\xa5\xe9\x87\x8d \xe5\x81\x87\xe8\xae\xbe'
265,大龄未婚女青年，毕业9年一事无成，想振作起来！,b'\xe5\xb7\xa5\xe4\xbd\x9c \xe6\xaf\x95\xe4\xb8\x9a \xe7\xa6\xbb\xe8\x81\x8c \xe9\xa2\x86\xe5\xaf\xbc \xe6\x84\xbf\xe6\x84\x8f \xe6\x9c\xaa\xe5\xa9\x9a \xe5\x8f\x98\xe5\x8c\x96 \xe5\xa4\xb1\xe8\xb4\xa5 \xe5\x8e\x9f\xe5\x9b\xa0 \xe6\x94\xb6\xe5\x88\xb0'
266,六一儿童节，我提出了辞职。,b'\xe6\xb0\x9b\xe5\x9b\xb4 \xe8\xbe\x9e\xe8\x81\x8c \xe5\x84\xbf\xe7\xab\xa5\xe8\x8a\x82 \xe6\x84\x89\xe5\xbf\xab \xe5\xba\xa6\xe8\xbf\x87 \xe9\xa5\xae\xe8\x8c\xb6 \xe8\xbf\x98\xe7\xbb\x99 \xe5\x9b\x9e\xe5\xae\xb6 \xe4\xba\xab\xe6\xb8\x85\xe7\xa6\x8f \xe6\x8f\x90\xe5\x87\xba'
267,家里人介绍工作vs自己找的工作,b'\xe5\xa4\x96\xe8\xb4\xb8 \xe4\xb8\x9a\xe5\x8a\xa1\xe5\x91\x98 \xe6\x8e\xa7\xe5\x88\xb6 \xe5\xb7\xa5\xe4\xbd\x9c \xe6\x95\x99\xe5\x9f\xb9 \xe8\xa7\x89\xe5\xbe\x97 \xe7\x9b\xb8\xe4\xba\xb2 \xe8\xa6\x81\xe6\xb1\x82 \xe6\x84\x9f\xe8\xa7\x89 \xe7\x9f\xa5\xe9\x81\x93'
268,天津末流985机械专业，大一转专业失败，要退学复读吗,b'\xe6\x9c\xba\xe6\xa2\xb0 \xe4\xb8\x93\xe4\xb8\x9a \xe5\xa5\xb3\xe7\x94\x9f \xe9\x80\x80\xe5\xad\xa6 \xe5\x8f\x8b\xe5\x8f\x8b \xe7\x9c\x8b\xe5\x88\xb0 \xe5\xb0\xb1\xe4\xb8\x9a \xe5\xa4\x8d\xe8\xaf\xbb \xe6\xa5\xbc\xe4\xb8\xbb \xe5\xa4\xb1\xe8\xb4\xa5'
269,失业-再就业-跳槽：天助自助的five是真的～,b'\xe9\x9d\xa2\xe8\xaf\x95 \xe7\x9c\x9f\xe7\x9a\x84 \xe5\xa4\xb1\xe4\xb8\x9a \xe6\xb4\xbb\xe5\x8a\xa8 \xe5\x86\x8d\xe4\xb9\x9f \xe6\x80\xbb\xe8\x83\xbd \xe9\x81\x93\xe9\x98\xbb \xe6\x9c\x8b\xe5\x8f\x8b \xe6\xb2\xa1\xe5\x85\xb3\xe7\xb3\xbb \xe6\x9c\xba\xe4\xbc\x9a'
270,无意冒犯,b'\xe4\xba\xb2\xe4\xba\xba \xe5\x86\x92\xe7\x8a\xaf \xe6\x97\xa0\xe6\x84\x8f \xe6\x8a\x91\xe9\x83\x81 \xe5\x88\x86\xe8\xa3\x82 \xe7\xbb\x93\xe6\x9d\x9f \xe5\x87\x86\xe5\xa4\x87 \xe4\xb8\xa5\xe9\x87\x8d \xe5\x81\x87\xe8\xae\xbe'
271,大龄未婚女青年，毕业9年一事无成，想振作起来！,b'\xe5\xb7\xa5\xe4\xbd\x9c \xe6\xaf\x95\xe4\xb8\x9a \xe7\xa6\xbb\xe8\x81\x8c \xe9\xa2\x86\xe5\xaf\xbc \xe6\x84\xbf\xe6\x84\x8f \xe6\x9c\xaa\xe5\xa9\x9a \xe5\x8f\x98\xe5\x8c\x96 \xe5\xa4\xb1\xe8\xb4\xa5 \xe5\x8e\x9f\xe5\x9b\xa0 \xe6\x94\xb6\xe5\x88\xb0'
272,六一儿童节，我提出了辞职。,b'\xe6\xb0\x9b\xe5\x9b\xb4 \xe8\xbe\x9e\xe8\x81\x8c \xe5\x84\xbf\xe7\xab\xa5\xe8\x8a\x82 \xe6\x84\x89\xe5\xbf\xab \xe5\xba\xa6\xe8\xbf\x87 \xe9\xa5\xae\xe8\x8c\xb6 \xe8\xbf\x98\xe7\xbb\x99 \xe5\x9b\x9e\xe5\xae\xb6 \xe4\xba\xab\xe6\xb8\x85\xe7\xa6\x8f \xe6\x8f\x90\xe5\x87\xba'
273,家里人介绍工作vs自己找的工作,b'\xe5\xa4\x96\xe8\xb4\xb8 \xe4\xb8\x9a\xe5\x8a\xa1\xe5\x91\x98 \xe6\x8e\xa7\xe5\x88\xb6 \xe5\xb7\xa5\xe4\xbd\x9c \xe6\x95\x99\xe5\x9f\xb9 \xe8\xa7\x89\xe5\xbe\x97 \xe7\x9b\xb8\xe4\xba\xb2 \xe8\xa6\x81\xe6\xb1\x82 \xe6\x84\x9f\xe8\xa7\x89 \xe7\x9f\xa5\xe9\x81\x93'
274,真985five，四年挂科18门，累计50+学分，徘徊于劝退边缘,b'\xe8\xa1\xa5\xe8\x80\x83 \xe9\x87\x8d\xe4\xbf\xae \xe5\xad\xa6\xe4\xb9\xa0 \xe5\xbf\x83\xe6\x80\x81 \xe5\xad\xa6\xe5\x88\x86 \xe5\xa4\xa7\xe5\xad\xa6 \xe6\x99\xba\xe5\x95\x86 \xe6\x83\x85\xe5\x86\xb5 \xe9\x99\xb7\xe5\x85\xa5 \xe4\xb8\x93\xe4\xb8\x9a'
275,本five没控制住自己的情绪怼了还没结课的老师,b'\xe5\xad\xa6\xe9\x99\xa2 \xe7\x9c\x9f\xe7\x9a\x84 \xe6\xb8\x85\xe6\xa5\x9a \xe8\x80\x81\xe5\xb8\x88 \xe6\x88\xaa\xe5\x9b\xbe \xe8\xa1\x8c\xe4\xb8\xba \xe7\xbe\xa4\xe9\x87\x8c \xe5\x9c\xb0\xe6\x96\xb9 \xe8\x83\x8c\xe6\x99\xaf \xe6\x8e\xa7\xe5\x88\xb6'
276,本科不参加毕业典礼可行吗？,b'\xe6\xaf\x95\xe4\xb8\x9a \xe7\xad\x94\xe8\xbe\xa9 \xe6\x97\xb6\xe9\x97\xb4 \xe5\x88\x86\xe6\x95\xb0 \xe9\x99\xa2\xe7\xb3\xbb \xe6\x89\x93\xe5\x8d\xb0 \xe6\x88\x90\xe7\xbb\xa9\xe5\x8d\x95 \xe6\xaf\x95\xe4\xb8\x9a\xe5\x85\xb8\xe7\xa4\xbc \xe6\xaf\x95\xe4\xb8\x9a\xe8\xaf\x81 \xe9\x80\x83\xe6\x8e\x89'
277,令人痛苦的“线上”出国交流,b'\xe8\xa6\x81\xe6\xb1\x82 \xe8\xa7\x89\xe5\xbe\x97 \xe6\x97\xb6\xe5\xb7\xae \xe6\x89\x93\xe7\xae\x97 \xe5\x8f\x91\xe7\x8e\xb0 \xe6\x9c\x9f\xe6\x9c\xab\xe8\x80\x83\xe8\xaf\x95 \xe5\xae\xb3\xe6\x80\x95 \xe6\xaf\x95\xe4\xb8\x9a \xe7\xbb\x84\xe5\x91\x98 \xe8\x80\x83\xe8\xaf\x95'
278,有没有22应届财会类专业的同学们现在还没有找到暑期实习的,b'\xe8\xb4\xa2\xe4\xbc\x9a \xe5\xba\x94\xe5\xb1\x8a \xe4\xb8\x93\xe4\xb8\x9a \xe6\x89\xbe\xe5\x88\xb0 \xe9\x80\x89\xe9\xa2\x98 \xe5\xae\x9e\xe4\xb9\xa0 \xe8\xae\xba\xe6\x96\x87 \xe6\x9c\x89\xe6\xb2\xa1\xe6\x9c\x89 \xe5\x90\x8c\xe5\xad\xa6'
279,友友们，毕业照不拍会有什么影响吗？,b'\xe6\xaf\x95\xe4\xb8\x9a \xe5\xa4\x96\xe5\x9c\xb0 \xe5\xba\x94\xe8\xaf\xa5 \xe5\x9b\x9e\xe5\x8e\xbb \xe5\x9b\x9e\xe5\xae\xb6 \xe5\xb7\xa5\xe4\xbd\x9c \xe4\xb8\x93\xe9\x97\xa8 \xe8\x85\xbe\xe5\x87\xba \xe5\x8f\x8b\xe5\x8f\x8b \xe6\x9c\x89\xe7\x82\xb9'
280,five们来写下自己的心愿清单吧，在某个绝望的时刻回来看看,b'\xe5\x90\x91\xe5\xbe\x80 \xe5\xbf\x83\xe6\x84\xbf \xe5\xa4\xa7\xe8\x87\xaa\xe7\x84\xb6 \xe5\xa5\xbd\xe7\x9c\x8b \xe6\xb8\x85\xe5\x8d\x95 \xe8\xb7\xb3\xe4\xbc\x9e \xe8\x80\x83\xe7\xa0\x94 \xe9\xab\x98\xe7\xa9\xba \xe6\x9e\x81\xe9\x99\x90\xe8\xbf\x90\xe5\x8a\xa8 \xe7\x9c\x8b\xe7\x9c\x8b'
281,请问第一次找实习需要注意什么？,b'\xe8\xaf\xb7\xe9\x97\xae \xe5\xae\x9e\xe4\xb9\xa0 \xe9\x9c\x80\xe8\xa6\x81 \xe9\x82\xae\xe4\xbb\xb6 \xe6\xb3\xa8\xe6\x84\x8f \xe5\x8f\x8b\xe5\x8f\x8b \xe6\x89\x93\xe4\xb8\xaa\xe6\x8b\x9b\xe5\x91\xbc \xe5\x8f\x91\xe7\xbb\x99 \xe7\xbb\x86\xe8\x8a\x82 \xe7\xa4\xbc\xe8\xb2\x8c'
282,TOP2的BOTTOM 10%有任何出路吗,b'\xe6\xaf\x95\xe4\xb8\x9a \xe7\x9c\x9f\xe7\x9a\x84 \xe6\x8a\x91\xe9\x83\x81 \xe7\x9c\x8b\xe5\x88\xb0 \xe5\xad\xa6\xe6\xa0\xa1 \xe4\xb8\x93\xe7\xa7\x91 \xe7\x9f\xa5\xe9\x81\x93 \xe7\x94\x9f\xe6\xb4\xbb \xe4\xbc\x91\xe5\xad\xa6 \xe9\x97\xae\xe9\xa2\x98'
283,地球物理，物探就业怎么样,b'\xe5\xb0\xb1\xe4\xb8\x9a \xe4\xb8\x93\xe4\xb8\x9a \xe8\xa1\x8c\xe4\xb8\x9a \xe7\x9f\xb3\xe6\xb2\xb9 \xe4\xba\x86\xe8\xa7\xa3 \xe5\xbe\x85\xe9\x81\x87 \xe5\x85\xb7\xe4\xbd\x93 \xe7\x89\xa9\xe6\x8e\xa2 \xe5\x9c\xb0\xe7\x90\x83\xe7\x89\xa9\xe7\x90\x86 \xe7\x9f\xbf\xe6\xb2\xb9'
284,国考补录消防员_____怎么样,b'\xe6\xb6\x88\xe9\x98\xb2 \xe8\xa1\xa5\xe5\xbd\x95 \xe6\x8c\x87\xe6\x8c\xa5\xe5\xae\x98 \xe5\xbe\x88\xe7\xb4\xaf \xe7\x9c\x8b\xe5\x9b\xbd \xe5\x90\x8d\xe5\x8d\x95 \xe6\x9c\x89\xe6\xb2\xa1\xe6\x9c\x89 \xe5\x90\xac\xe8\xaf\xb4 \xe6\x80\xbb\xe9\x98\x9f \xe6\xb6\x88\xe9\x98\xb2\xe5\x91\x98'
285,后无后盾，前无去路,b'\xe9\x9c\x80\xe8\xa6\x81 \xe5\x8e\x9f\xe6\x9c\xac \xe5\x8e\xbb\xe8\xb7\xaf \xe7\x88\xb6\xe6\xaf\x8d \xe5\xb8\x8c\xe6\x9c\x9b \xe8\xb4\xa5\xe5\x85\x89 \xe5\x87\x84\xe6\x83\xa8 \xe8\xbf\x98\xe6\xac\xbe \xe9\x86\x92\xe6\x9d\xa5 \xe7\x94\x9f\xe6\xb4\xbb'
286,删帖,b''
287,传统工科的进,b'\xe5\x90\x8c\xe5\xad\xa6 \xe5\xb7\xa5\xe7\xa7\x91 \xe4\xbc\xa0\xe7\xbb\x9f \xe7\x94\xb7\xe7\x94\x9f \xe7\x89\xb9\xe5\xb0\x91 \xe7\x9c\x9f\xe7\x9a\x84 \xe7\x9c\x8b\xe5\x88\xb0 \xe8\xae\xa1\xe7\xae\x97\xe6\x9c\xba \xe5\x8d\x95\xe4\xbd\x8d \xe8\xae\xbe\xe8\xae\xa1\xe9\x99\xa2'
288,求助！大三天坑专业的我该如何选择,b'\xe4\xb8\x93\xe4\xb8\x9a \xe8\x80\x83\xe7\xa0\x94 \xe9\x80\x89\xe6\x8b\xa9 \xe5\xba\x94\xe8\xaf\xa5 \xe5\x87\x86\xe5\xa4\x87 \xe9\x87\x91\xe8\x9e\x8d \xe6\x97\xb6\xe9\x97\xb4 \xe5\xb7\xa5\xe4\xbd\x9c \xe8\xa7\x89\xe5\xbe\x97 \xe6\xaf\x94\xe8\xbe\x83'
289,本硕双985，专业比较坑，对口工作几乎没有，毕业即失业，已经...,b'\xe5\xb7\xa5\xe4\xbd\x9c \xe6\xaf\x94\xe8\xbe\x83 \xe5\xb7\xb2\xe7\xbb\x8f \xe5\x9c\xb0\xe7\xba\xa7\xe5\xb8\x82 \xe6\xb1\x87\xe6\x8a\xa5 \xe5\x8f\x8b\xe5\xa5\xbd \xe8\xba\xba\xe5\xb9\xb3 \xe4\xba\x8b\xe4\xb8\x9a\xe5\x8d\x95\xe4\xbd\x8d \xe6\xaf\x95\xe4\xb8\x9a \xe7\xa6\xbb\xe5\xae\xb6\xe8\xbf\x91'
290,今天生日，爸妈和朋友说好发零点祝福的，结果都睡着了__,b'\xe8\xaf\xb4\xe5\xa5\xbd \xe6\x9c\x8b\xe5\x8f\x8b \xe9\x9b\xb6\xe7\x82\xb9 \xe7\x88\xb8\xe5\xa6\x88'
291,有小5跟我一样要开题了还没看文献吗,b'\xe6\xb2\xa1\xe7\x9c\x8b \xe6\x96\x87\xe7\x8c\xae \xe5\xbc\x80\xe9\xa2\x98'
292,招人这件事，涝的涝死，旱的旱死,b'\xe5\x85\xac\xe5\x8f\xb8 \xe5\xa4\xa7\xe5\x8e\x82 \xe8\x96\xaa\xe6\xb0\xb4 \xe5\xb7\xa5\xe4\xbd\x9c \xe9\x80\x9b\xe9\x80\x9b \xe5\x8e\x8b\xe5\x8a\x9b \xe5\xb1\x95\xe4\xbc\x9a \xe4\xb8\x8d\xe5\x88\xb0 \xe6\xaf\x94\xe8\xbe\x83 \xe6\xaf\x94\xe4\xb8\x8d\xe4\xb8\x8a'
293,说到内卷，好像18年的经济学人提到过学历内卷,b'\xe5\xb7\xa5\xe4\xbd\x9c \xe5\xa5\xbd\xe5\x83\x8f \xe7\xbb\x8f\xe6\xb5\x8e\xe5\xad\xa6 \xe5\xad\xa6\xe5\x8e\x86 \xe7\x90\xa2\xe7\xa3\xa8 \xe6\x96\x87\xe7\xab\xa0 \xe7\x8e\xb0\xe7\x8a\xb6 \xe6\x84\x9f\xe5\x85\xb4\xe8\xb6\xa3 \xe9\x97\xa8\xe6\xa7\x9b \xe8\x9b\xae\xe6\x9c\x89\xe6\x84\x8f\xe6\x80\x9d'
294,有无今年毕业想落户上海的友友 双一流硕士直接落户政策会变吗,b'\xe8\x90\xbd\xe6\x88\xb7 \xe7\xa1\x95\xe5\xa3\xab \xe4\xb8\x80\xe6\xb5\x81 \xe6\x94\xbf\xe7\xad\x96 \xe5\x8f\x8b\xe5\x8f\x8b \xe6\xaf\x95\xe4\xb8\x9a \xe6\x9c\x89\xe6\x97\xa0'
295,痛苦抑郁的大学四年回顾(补校园生活：文后),b'\xe5\xad\xa6\xe6\xa0\xa1 \xe4\xb8\x93\xe4\xb8\x9a \xe5\xae\x9e\xe4\xb9\xa0 \xe8\x80\x81\xe5\xb8\x88 \xe5\xb7\xa5\xe4\xbd\x9c \xe5\x90\x8c\xe5\xad\xa6 \xe7\x9f\xa5\xe9\x81\x93 \xe8\x8b\xb1\xe8\xaf\xad \xe6\x88\x90\xe7\xbb\xa9 \xe7\x9c\x8b\xe5\x88\xb0'
296,为啥本five在某招聘软件里炙手可热,b'\xe7\xae\x80\xe5\x8e\x86 \xe5\xbc\x80\xe5\x8f\x91 \xe7\xa6\xbb\xe8\x81\x8c \xe7\xa9\xba\xe8\x8d\xa1 \xe8\xaf\xb7\xe9\x97\xae \xe8\xbd\xaf\xe4\xbb\xb6 \xe6\xb6\x88\xe6\x81\xaf \xe5\xa7\x90\xe5\xa7\x90 \xe6\xb2\xa1\xe6\x83\xb3\xe5\x88\xb0 \xe8\x8e\xab\xe4\xb8\x8d\xe6\x98\xaf'
297,专业分流，财务管理还是会计__,b'\xe6\x8a\x95\xe7\xa5\xa8 \xe4\xbc\x9a\xe8\xae\xa1 \xe8\xae\xa1\xe5\x88\x92 \xe8\xb7\x9d\xe7\xa6\xbb \xe8\xb4\xa2\xe5\x8a\xa1\xe7\xae\xa1\xe7\x90\x86 \xe5\xb8\x82\xe5\x9c\xba\xe8\x90\xa5\xe9\x94\x80 \xe8\xb5\x84\xe6\xba\x90\xe7\xae\xa1\xe7\x90\x86 \xe4\xba\xba\xe5\x8a\x9b \xe4\xb8\x93\xe4\xb8\x9a \xe5\xbc\x95\xe8\xbf\x9b'
298,说到内卷，好像18年的经济学人提到过学历内卷,b'\xe5\xb7\xa5\xe4\xbd\x9c \xe5\xa5\xbd\xe5\x83\x8f \xe7\xbb\x8f\xe6\xb5\x8e\xe5\xad\xa6 \xe5\xad\xa6\xe5\x8e\x86 \xe7\x90\xa2\xe7\xa3\xa8 \xe6\x96\x87\xe7\xab\xa0 \xe7\x8e\xb0\xe7\x8a\xb6 \xe6\x84\x9f\xe5\x85\xb4\xe8\xb6\xa3 \xe9\x97\xa8\xe6\xa7\x9b \xe8\x9b\xae\xe6\x9c\x89\xe6\x84\x8f\xe6\x80\x9d'
299,有无今年毕业想落户上海的友友 双一流硕士直接落户政策会变吗,b'\xe8\x90\xbd\xe6\x88\xb7 \xe7\xa1\x95\xe5\xa3\xab \xe4\xb8\x80\xe6\xb5\x81 \xe6\x94\xbf\xe7\xad\x96 \xe5\x8f\x8b\xe5\x8f\x8b \xe6\xaf\x95\xe4\xb8\x9a \xe6\x9c\x89\xe6\x97\xa0'
300,痛苦抑郁的大学四年回顾(补校园生活：文后),b'\xe5\xad\xa6\xe6\xa0\xa1 \xe4\xb8\x93\xe4\xb8\x9a \xe5\xae\x9e\xe4\xb9\xa0 \xe8\x80\x81\xe5\xb8\x88 \xe5\xb7\xa5\xe4\xbd\x9c \xe5\x90\x8c\xe5\xad\xa6 \xe7\x9f\xa5\xe9\x81\x93 \xe8\x8b\xb1\xe8\xaf\xad \xe6\x88\x90\xe7\xbb\xa9 \xe7\x9c\x8b\xe5\x88\xb0'
301,为啥本five在某招聘软件里炙手可热,b'\xe7\xae\x80\xe5\x8e\x86 \xe5\xbc\x80\xe5\x8f\x91 \xe7\xa6\xbb\xe8\x81\x8c \xe7\xa9\xba\xe8\x8d\xa1 \xe8\xaf\xb7\xe9\x97\xae \xe8\xbd\xaf\xe4\xbb\xb6 \xe6\xb6\x88\xe6\x81\xaf \xe5\xa7\x90\xe5\xa7\x90 \xe6\xb2\xa1\xe6\x83\xb3\xe5\x88\xb0 \xe8\x8e\xab\xe4\xb8\x8d\xe6\x98\xaf'
302,专业分流，财务管理还是会计__,b'\xe6\x8a\x95\xe7\xa5\xa8 \xe4\xbc\x9a\xe8\xae\xa1 \xe8\xae\xa1\xe5\x88\x92 \xe8\xb7\x9d\xe7\xa6\xbb \xe8\xb4\xa2\xe5\x8a\xa1\xe7\xae\xa1\xe7\x90\x86 \xe5\xb8\x82\xe5\x9c\xba\xe8\x90\xa5\xe9\x94\x80 \xe8\xb5\x84\xe6\xba\x90\xe7\xae\xa1\xe7\x90\x86 \xe4\xba\xba\xe5\x8a\x9b \xe4\xb8\x93\xe4\xb8\x9a \xe5\xbc\x95\xe8\xbf\x9b'
303,学药的想留在河南感觉机会好少,b'\xe7\x95\x99\xe5\x9c\xa8 \xe9\x80\x82\xe5\x90\x88 \xe6\x89\x93\xe6\x8b\xbc \xe7\xbc\x96\xe5\x88\xb6 \xe5\xae\x9e\xe9\xaa\x8c \xe4\xb8\x8d\xe6\x83\xb3 \xe8\x8d\xaf\xe4\xbb\xa3 \xe6\x8e\x92\xe9\x99\xa4 \xe6\x9c\xba\xe4\xbc\x9a \xe6\x84\x9f\xe8\xa7\x89'
304,培训it包装2年经验怎样,b'\xe5\x8c\x85\xe8\xa3\x85 \xe5\x9f\xb9\xe8\xae\xad \xe7\xbb\x8f\xe9\xaa\x8c'
305,为啥我这么烦D都,b'\xe9\xaa\xa8\xe5\xa4\xb4 \xe6\x98\xaf\xe6\x88\x91\xe5\xa4\xaa \xe4\xb8\x80\xe5\xae\x9a \xe6\x84\x9f\xe8\xa7\x89 \xe5\xb9\xb2\xe5\x87\x80'
306,研0的恐惧，求救,b'\xe4\xb8\x93\xe4\xb8\x9a \xe7\xbb\xa7\xe7\xbb\xad \xe7\x9c\x9f\xe7\x9a\x84 \xe8\xae\xa1\xe7\xae\x97\xe6\x9c\xba\xe7\x9b\xb8\xe5\x85\xb3 \xe8\x83\xbd\xe5\x8a\x9b \xe8\x80\x83\xe5\x88\xb0 \xe8\x80\x83\xe7\xa0\x94 \xe4\xb8\x80\xe7\x9b\xb4 \xe8\xaf\xbb\xe7\xa0\x94 \xe9\x9a\xbe\xe5\x8f\x97'
307,2020，小镇女孩影视梦碎全过程【新增2021躺平快一年后的感受...,b'\xe5\xbd\xb1\xe8\xa7\x86 \xe5\xb7\xa5\xe4\xbd\x9c \xe6\x95\x85\xe4\xb9\xa1 \xe8\x80\x81\xe5\xb8\x88 \xe8\xa7\x89\xe5\xbe\x97 \xe5\x92\x8c\xe8\xa7\xa3 \xe8\xa1\x8c\xe4\xb8\x9a \xe5\xa5\xb3\xe5\xad\xa9 \xe7\x94\x9f\xe6\xb4\xbb \xe8\xaf\xad\xe6\x96\x87'
308,最后的一点尊严也被学校破坏殆尽,b'\xe5\xad\xa6\xe6\xa0\xa1 \xe9\x99\xa2\xe6\xa0\xa1 \xe5\x90\x8c\xe5\xad\xa6 \xe8\x80\x83\xe7\xa0\x94 \xe7\x9c\x9f\xe7\x9a\x84 \xe5\xb0\xb1\xe4\xb8\x9a \xe6\xaf\x95\xe4\xb8\x9a \xe9\x9a\xbe\xe8\xbf\x87 \xe6\x98\xa5\xe6\x8b\x9b \xe6\x8b\xbf\xe5\x88\xb0'
309,待业两年的我好像要薪资double了,b'\xe5\xb7\xa5\xe4\xbd\x9c \xe8\xa1\x8c\xe4\xb8\x9a \xe9\x9d\xa2\xe8\xaf\x95 \xe6\x89\x93\xe6\x9d\x82 \xe5\xbe\x85\xe4\xb8\x9a \xe8\xa7\x89\xe5\xbe\x97 \xe7\xae\x80\xe5\x8e\x86 \xe5\xa5\xbd\xe5\x83\x8f \xe6\xaf\x95\xe4\xb8\x9a \xe4\xb8\x93\xe4\xb8\x9a'
310,删帖,b'\xe5\x88\xa0\xe5\xb8\x96'
311,大二物理，要不要降两级到英法双语,b'\xe7\x89\xa9\xe7\x90\x86 \xe5\xad\xa6\xe4\xb9\xa0 \xe6\x97\xb6\xe9\x97\xb4 \xe5\x96\x9c\xe6\xac\xa2 \xe4\xb8\x93\xe4\xb8\x9a \xe8\xa7\x89\xe5\xbe\x97 \xe8\xaf\xbe\xe7\xa8\x8b \xe5\xa4\xa9\xe8\xb5\x8b \xe6\x80\x80\xe7\x9d\x80 \xe6\x86\xa7\xe6\x86\xac'
312,如何与画风fancy的诸多新同学共处一室,b'\xe5\xad\xa6\xe4\xb9\xa0 \xe6\x83\x8a\xe8\x89\xb3 \xe5\x90\x8c\xe5\xad\xa6 \xe6\x9c\x8b\xe5\x8f\x8b\xe5\x9c\x88 \xe5\xa4\xb4\xe5\x83\x8f \xe5\x90\x88\xe4\xbd\x9c \xe5\x88\x86\xe7\xbb\x84 \xe5\x95\x86\xe4\xb8\x9a \xe7\x9c\x8b\xe7\x9d\x80 \xe7\x9a\xae\xe5\x9b\x8a'
313,偶然得知北京的国企待遇这么高，本five酸了,b'\xe4\xb8\x8d\xe7\xae\x97 \xe6\x88\xb7\xe5\x8f\xa3 \xe5\xbe\x97\xe7\x9f\xa5 \xe5\xbe\x85\xe9\x81\x87 \xe5\x81\xb6\xe7\x84\xb6 \xe5\xb9\xb4\xe7\xbb\x88\xe5\xa5\x96 \xe5\x8d\x95\xe4\xbd\x8d \xe5\x90\x8c\xe5\xad\xa6 \xe4\xb8\x8d\xe5\x88\xb0 \xe8\xae\xa4\xe7\x9f\xa5'
314,每次一实习我就好想哭，我是不是太脆弱了,b'\xe5\xae\x9e\xe4\xb9\xa0 \xe5\xae\x9e\xe4\xb9\xa0\xe7\x94\x9f \xe6\x84\x8f\xe4\xb9\x89 \xe6\xad\xa3\xe8\x81\x8c \xe5\xa5\xbd\xe6\x83\xb3\xe5\x93\xad \xe8\x99\x9a\xe6\x97\xa0 \xe8\xa7\x89\xe5\xbe\x97 \xe7\x9f\xa5\xe9\x81\x93 \xe6\xaf\x95\xe4\xb8\x9a \xe7\x9c\x8b\xe5\x88\xb0'
315,自以为表现挺不错的面试，结果还是没有回应,b'\xe4\xb8\x80\xe8\xbe\xb9 \xe5\x8f\xaa\xe8\x83\xbd \xe9\x9d\xa2\xe8\xaf\x95 \xe8\xb9\x89\xe8\xb7\x8e \xe8\xa1\xa8\xe7\x8e\xb0 \xe5\x9b\x9e\xe5\xba\x94 \xe6\xb5\x81\xe6\xb3\xaa \xe6\x9d\xa5\xe4\xb8\xb4 \xe7\xad\x89\xe5\xbe\x85 \xe6\x9c\xba\xe4\xbc\x9a'
316,一个精神疾病患者的硕士三年,b'\xe7\xb2\xbe\xe7\xa5\x9e\xe7\x96\xbe\xe7\x97\x85 \xe7\xa1\x95\xe5\xa3\xab \xe6\x82\xa3\xe8\x80\x85'
317,薪资不满意的工作要去吗,b'\xe9\x9d\xa2\xe8\xaf\x95 \xe6\x84\x9f\xe8\xa7\x89 \xe4\xbf\x9d\xe7\x95\x99 \xe6\x8b\x85\xe5\xbf\x83 \xe5\xba\x94\xe5\xb1\x8a \xe7\x88\xb6\xe6\xaf\x8d \xe5\xb8\x8c\xe6\x9c\x9b \xe4\xb8\x80\xe7\x9b\xb4 \xe5\x85\xac\xe5\x8a\xa1\xe5\x91\x98 \xe8\x84\xb1\xe4\xba\xa7'
318,从大学专业冷热门看经济脱实就虚,b'\xe4\xb8\x93\xe4\xb8\x9a \xe5\x88\xb6\xe9\x80\xa0\xe4\xb8\x9a \xe9\x93\xb6\xe8\xa1\x8c \xe5\x88\xa9\xe6\xb6\xa6 \xe8\xa1\x8c\xe4\xb8\x9a \xe7\xbb\x8f\xe6\xb5\x8e \xe9\x87\x91\xe8\x9e\x8d \xe7\x83\xad\xe9\x97\xa8 \xe7\x94\x9f\xe4\xba\xa7 \xe4\xbb\xb7\xe5\x80\xbc'
319,想认识一些mti在读的uu,b'\xe5\x9c\xa8\xe8\xaf\xbb \xe5\x91\x9c\xe5\x91\x9c \xe8\xae\xa4\xe8\xaf\x86 \xe5\x8a\xa8\xe5\x8a\x9b'
320,uu们身边有没有大龄读研的例子,b'\xe8\x80\x83\xe7\xa0\x94 \xe7\x95\x99\xe5\xad\xa6 \xe6\x84\x9f\xe8\xa7\x89 \xe5\xa4\xa7\xe9\xbe\x84 \xe4\xbd\x93\xe5\x88\xb6 \xe5\xae\xb6\xe4\xb9\xa1 \xe6\x84\x8f\xe5\xa4\x96 \xe5\x9b\x9e\xe6\x9d\xa5 \xe4\xb8\x93\xe4\xb8\x9a \xe6\x8c\xba\xe5\xa4\xa7'
321,想好好搞一下毕业论文了,b'\xe6\x83\xb3\xe6\x83\xb3 \xe8\xae\xba\xe6\x96\x87 \xe8\xae\xb0\xe5\xbd\x95 \xe9\x98\xb6\xe6\xae\xb5 \xe8\x87\xaa\xe5\x88\xb6\xe5\x8a\x9b \xe6\xaf\x95\xe4\xb8\x9a\xe8\xae\xba\xe6\x96\x87 \xe6\x96\x87\xe7\x8c\xae \xe5\xb8\x96\xe5\xad\x90 \xe5\xa5\xbd\xe5\xa5\xbd \xe6\x94\xb6\xe9\x9b\x86'
322,有21届还没找到工作的吗？来进来许愿吧！,b'\xe5\xb8\x8c\xe6\x9c\x9b \xe6\x8c\xa3\xe6\x89\x8e \xe6\x89\xbe\xe5\x88\xb0 \xe5\xb7\xa5\xe4\xbd\x9c \xe8\x83\xbd\xe5\xa4\x9f \xe5\xa5\xbd\xe8\xbf\x90 \xe5\xb8\x96\xe5\xad\x90 \xe5\xb7\xb2\xe7\xbb\x8f \xe7\xbb\x9d\xe6\x9c\x9b \xe5\x9d\x9a\xe6\x8c\x81'
323,17年毕业，工作两年，19年辞职考研上岸，人生重开,b'\xe5\xb7\xa5\xe4\xbd\x9c \xe6\x97\xb6\xe9\x97\xb4 \xe5\x85\xac\xe5\x8f\xb8 \xe5\xad\xa6\xe4\xb9\xa0 \xe5\xbc\xba\xe5\x93\xa5 \xe8\x80\x83\xe7\xa0\x94 \xe5\x91\x8a\xe8\xaf\x89 \xe9\x80\x83\xe9\x81\xbf \xe5\x80\x92\xe7\x8f\xad \xe5\xae\xb6\xe4\xb9\xa1'
324,【已抽】拖延晚期，过答辩抽六个人喝奶茶__,b'\xe7\xad\x94\xe8\xbe\xa9 \xe7\xa0\x94\xe7\xa9\xb6 \xe6\x88\x90\xe7\xbb\xa9 \xe6\x8f\x90\xe9\x97\xae \xe6\xaf\x95\xe5\xaf\xbc \xe8\xae\xba\xe6\x96\x87 \xe8\xaf\x84\xe8\xae\xba \xe5\xb1\x95\xe5\xbc\x80 \xe7\xad\x94\xe6\xa1\x88 \xe6\x8a\xbd\xe5\xa5\x96'
325,高考过去14年了，我还在日复一日地梦见考试,b'\xe8\x80\x83\xe8\xaf\x95 \xe9\xab\x98\xe8\x80\x83 \xe6\xa2\xa6\xe8\xa7\x81 \xe5\xa4\xa7\xe5\xad\xa6 \xe5\x89\xa7\xe6\x83\x85 \xe5\x90\x8c\xe5\xad\xa6 \xe7\xad\x94\xe9\xa2\x98 \xe6\xa2\xa6\xe5\xa2\x83 \xe8\x80\x83\xe5\x9c\xba \xe5\xa4\x8d\xe4\xb9\xa0'
326,群里的five是不是大多是精力不济的人群，是不是天生精力不足...,b'\xe6\x97\xb6\xe9\x97\xb4 \xe7\xb2\xbe\xe5\x8a\x9b \xe8\xbf\x90\xe5\x8a\xa8 \xe7\x9d\xa1\xe7\x9c\xa0 \xe5\xae\xb9\xe6\x98\x93 \xe6\x98\xaf\xe5\x90\xa6 \xe5\xb0\x8f\xe6\x97\xb6 \xe9\x9c\x80\xe8\xa6\x81 \xe6\x98\xaf\xe4\xb8\x8d\xe6\x98\xaf \xe6\x85\xa2\xe6\x80\xa7\xe7\x97\x85'
327,985相亲局之礼崩乐坏,b'\xe5\xbd\xb1\xe9\x99\xa2 \xe5\xad\xa6\xe6\xa0\xa1 \xe4\xbc\x98\xe7\xa7\x80 \xe9\x80\x90\xe6\xb8\x90 \xe5\xb1\x9e\xe4\xba\x8e \xe8\xa7\x89\xe5\xbe\x97 \xe7\x9b\xb8\xe4\xba\xb2 \xe9\x97\xae\xe9\xa2\x98 \xe7\xa5\x9e\xe6\x83\x85 \xe9\x98\x9f\xe4\xbc\x8d'
